chassis,variant,mc_idx,alpha,r_max,kd_max,beta_ATPM,Ka_r,Ki_r,PFL_inh_K,gamma_NADH,EtOH,peak_S,X_final,yield
WT,A,0,0.8915507608384854,13.709934723472577,3.871937147952451,0.0898224176852806,1.626984298420855,9.339253497524757,0.676517972690827,0.0151987787378793,19.443754776787323,7.6227590051690495,0.2926274299373827,1.510165120970572
WT,A,1,0.3182187700922929,9.63407056690988,3.406872337949581,0.1317624267725591,0.9286875773279752,10.622564445064226,0.782698117712856,0.0260353139500555,22.10001488527225,2.7207704842891047,0.3957499251523587,1.3262281292548852
WT,A,2,0.8461279296558695,6.052154482046398,3.187969416376462,0.1165070158184554,2.8681043106440613,9.798949755191698,1.3049769536749796,0.0209703802691285,17.719994494730063,7.234393798557685,0.3609412730535101,1.1876569555779837
WT,A,3,0.2828010460990224,8.149399250540187,5.091265694867314,0.101585444758034,1.5227741281055325,9.941490150996088,0.7067333396545701,0.0101385453734349,19.76517460718135,2.4179489441466417,0.440512034572138,1.1073431872510564
WT,A,4,0.4985090922879801,13.236311750566102,3.690190044194504,0.0756962861677264,1.9796206199013937,9.437168128111624,1.15529798582952,0.012897626022945,21.25644970980302,4.26225273906223,0.3942296855355409,1.2895390910064897
WT,A,5,0.630874541125336,11.13982716503611,3.131808027095504,0.0955820046989021,2.0795803566943096,11.98971716409352,0.6102302928261875,0.0227663197070139,20.95616864573434,5.393977326621624,0.3777338470872491,1.3176305905367491
WT,A,6,0.75422075838033,7.058932989039807,2.6962073812176706,0.1198091460505472,1.4770046225389764,14.939593425458154,1.2671578221341642,0.0211962146640082,21.008772340553403,6.448587484151822,0.3553370073852359,1.3831238208795027
WT,A,7,0.4094039063665002,12.139681142419477,3.99805186338008,0.1007226622975712,1.7868208139193928,15.291220259789888,1.171939920180089,0.0104037192417287,20.946629558168663,3.5004033994335773,0.4068363703539597,1.2418896821684828
WT,A,8,1.3899287477209037,13.665325501073912,3.768349348721959,0.0629765567573746,1.7075937966425916,15.95375255020156,1.1966584493414762,0.0161135778362679,9.315441476486514,11.883890793013723,0.1272503013710603,1.598110579135385
WT,A,9,1.0733554822851192,11.76842224638833,5.749729309502307,0.0807705689788395,1.304213460979859,9.667159527600148,1.0880740342141526,0.0214283919304748,13.362673877173432,9.177189373537772,0.1881483385698646,1.5781560600878224
WT,A,10,0.0417584731365962,13.125324708556414,4.217003117905364,0.0718256041365905,2.8999980634665707,11.117388448270596,0.9775084276398832,0.0319498187897241,17.982402856801478,0.3570349453178975,0.5440658074010353,0.8458314383421328
WT,A,11,0.3849647031049108,13.007554693100516,2.913033734877459,0.1382934411506095,1.2532753379953332,14.197135755108508,1.4305477920717666,0.0183169341406436,22.20970724496249,3.291448211546988,0.3883642032525787,1.3517710505652354
WT,A,12,0.366095802921601,13.771693859535414,5.40247284005603,0.1264912832569469,1.1736622897395883,12.091287784399634,1.001179554083562,0.0374167290134566,22.320839628277955,3.130119114979689,0.384542147270242,1.3679560223825733
WT,A,13,0.7922103057699905,13.985973135236508,5.782023793968653,0.066985930802395,2.787953793730063,12.215801330756529,1.037912462060809,0.038864361691768,18.11917931617229,6.773398114333419,0.3180452382264581,1.342496078901838
WT,A,14,1.2175045937986155,10.664826773913926,5.009434227439252,0.1075520709596219,2.709889505608043,9.76215921800239,0.4879936410014661,0.0200688017231724,9.783962618553833,10.409664276978162,0.1534321113215212,1.4444875754836115
WT,A,15,1.4853406810970078,10.331509754637692,4.5243293076529385,0.121242483041929,2.6330047805922265,13.604415109932935,0.8346810534289921,0.023126661862742,5.428584296512219,12.699662823379416,0.0786719609683263,1.5003403388492311
WT,A,16,0.7663507179116347,11.673677637798995,4.636405295484147,0.1221232819275859,1.3895826974893128,10.01623630649014,1.2480471899565695,0.0283772267087036,20.744557487165284,6.552298638144476,0.3158716201774466,1.5006408573420325
WT,A,17,0.9258353902589468,10.093242537818822,2.927062373875167,0.1239758520933644,2.7712161462149782,11.904342554085831,1.277006276288656,0.0195480369645771,18.15898679895013,7.915892586713993,0.3214994689026077,1.330866897616875
WT,A,18,0.0669281584537708,10.422777606587037,4.324372328775698,0.1159876624651453,1.178759825294959,12.607082196632774,0.4437433048603825,0.0117782514578875,18.18772193266645,0.5722357547797403,0.5072648437038049,0.9111095020873596
WT,A,19,1.457419076685504,8.972289071615364,4.197658584656755,0.1274305825963903,2.3491085740633637,10.577559760950397,0.6235015902639193,0.0125792183587221,6.491561033293878,12.46093310566106,0.0950026262845482,1.4993791611494576
WT,A,20,1.417515671626551,9.129239205093228,5.256081584491509,0.1133870027979503,1.6869879839559985,15.540419415928838,0.5810732977442133,0.0225006842976974,5.567098922455869,12.119758992407007,0.0767427602634573,1.5608126841132506
WT,A,21,0.5572846815406975,10.001691841306917,3.537050414560174,0.1029999868303482,2.5617183846477687,14.469222838302446,0.8776725461729701,0.0298157727970969,19.86786060261773,4.764784027172965,0.4055921675938858,1.1901179151607455
WT,A,22,0.430444805626166,7.36443163273314,2.564789588491668,0.0962771942890504,2.5386563649421934,14.048796469700797,0.9175656107001264,0.0384836559673065,19.17383487355792,3.68030308810372,0.4448377886274211,1.06896611491429
WT,A,23,1.2066923441336104,13.373971317674869,3.3454324547354384,0.0928990958198913,1.753622530418958,9.136657480109198,1.298394908743458,0.0203177454202794,14.19023995250098,10.31721954234237,0.201776158376953,1.5668688501499504
WT,A,24,0.1107153183914472,9.684270554610174,4.940711738217731,0.0976327575682285,2.912418751251985,11.483742153171043,1.0638867146457534,0.0123771701201636,18.0048588976182,0.946615972246874,0.5253426883734224,0.8743817211036867
WT,A,25,0.8595226813372181,13.567291505288878,2.7167564521804115,0.0822218745020233,2.1456407306667997,12.706724386743364,1.2226621026209463,0.014673693257425,20.497357563167363,7.348918925433214,0.3289123014097078,1.4428825732659027
WT,A,26,1.1944542388967834,7.174457162143961,4.819476556296124,0.0867917597934535,0.8599540330587192,11.181450381439708,1.4651533208281018,0.0241013856396529,11.620004831203111,10.212583742567498,0.1635833629871289,1.5698234913980411
WT,A,27,0.3954271891583009,6.3514904365465625,5.359846664404845,0.0791884321355959,1.5635780071850391,14.708809158642795,1.4980335386525765,0.013911562599797,20.08319037305523,3.380902467303472,0.4276256468138445,1.1501501246644852
WT,A,28,1.1413147487897417,12.345439287756165,4.914307167471455,0.1355719787649549,1.8062487685020625,13.914540207734609,0.7565833259784388,0.0246041256417009,12.36395839441511,9.75824110215229,0.1783589151001069,1.544730761740823
WT,A,29,1.1717700885318076,12.600362098961778,4.586404026209197,0.115182333583259,1.0049773697648596,13.77772292242886,1.47053700250465,0.0233688004041495,12.752164215789245,10.018634256946957,0.171631233057011,1.627134810552469
WT,A,30,0.5844284649682426,11.11000039537877,5.161907511024696,0.0987292608017552,2.843580428056589,14.112103820513283,1.0572370285763375,0.0112079597311618,19.453788642595185,4.996863375478474,0.3965436527270549,1.191668964465681
WT,A,31,0.0136287103606141,12.548090530145776,3.0115708139474635,0.1246349457204479,2.045064272056626,12.228326731751814,0.90381528377227,0.0108230379883667,17.993262052189948,0.1165254735832506,0.549262207005244,0.8389141481991843
WT,A,32,1.3004956070071612,11.683478004961025,3.201482269305306,0.1320678554178495,2.232772579518426,9.064179388534043,1.4834038319103051,0.0339556436011207,11.976316585238056,11.119237439911227,0.1765507746084787,1.515088018544897
WT,A,33,0.6939880494218928,7.534519872767722,4.035945099897838,0.0908443693681102,1.837161810552022,12.312507309403763,1.3998233412148997,0.0254489252447317,20.136669444649076,5.933597822557184,0.3659727884713442,1.3070680024733934
WT,A,34,0.1645376456602158,8.738939589688352,5.534835239978522,0.0742416478295885,1.4532480993924537,15.69256904483402,1.105582995656864,0.0395397272321071,18.81817184576516,1.4067968703948457,0.4720234637666913,1.000674269431702
WT,A,35,0.4466812635594869,11.539951006066577,4.711059474624788,0.0943397613337759,1.5298047666017258,13.232550989239249,0.5746697565762486,0.0367016419326503,21.53972535121397,3.819124803433613,0.3909646273259071,1.3115325032313296
WT,A,36,1.060753352837385,9.485698612139425,2.748210235203847,0.0726580664724939,2.659160439434805,9.588031587167167,0.8080570475626907,0.037235994913748,16.840055788029375,9.069441166759642,0.2858365894197448,1.3745960731403783
WT,A,37,0.6817404225321568,12.913300994056256,3.311423663010811,0.0696295765817609,1.6798190384704317,15.897232026394224,0.5006887807426008,0.0307992148200238,21.86679402190169,5.82888061264994,0.3533146291433374,1.437433393947495
WT,A,38,0.2590836234276774,6.403940329594208,4.319300951284397,0.1114981618730454,0.9540881673041336,15.593106726123075,0.4278722401460136,0.0135636290859347,20.54893911354756,2.2151649803066418,0.4279874874911619,1.1719351784998082
WT,A,39,0.5864458644323025,11.229889131076764,4.266049622486047,0.1280389587778511,2.3623647556417464,12.42920227289637,0.7197427032820616,0.0272119181762674,20.167745889253187,5.014112140896186,0.3859366441802722,1.2544567152349544
WT,A,40,1.3785390359481575,6.921900235897411,5.99244283319195,0.0656874258328916,1.4378478608024712,11.71728155080927,0.7085808781154013,0.0197695233731892,5.284597994828888,11.78650875735675,0.0746819680827877,1.5334232666218852
WT,A,41,0.6068366443475041,6.248133752232297,2.522274291973772,0.0773402445029339,1.824862054350952,15.071913024291206,0.4660057061858227,0.0286811025364597,20.412847256773443,5.188453309171161,0.4000001379183656,1.2311731837857094
WT,A,42,1.3380354504719283,7.346676684303085,5.9150344602485525,0.1069706065570493,1.0887920194614074,12.742813150790976,0.5147994832566369,0.0109481764937754,6.231263708530406,11.440203101534989,0.0851817953416313,1.578896959977914
WT,A,43,0.0795893493622597,6.084156949317208,4.8500795589132775,0.1094189765462013,2.68974064839459,14.540701398548844,1.1895208626942146,0.0366324723710144,17.959429158845563,0.6804889370473213,0.5385104154639733,0.8526869351974816
WT,A,44,1.0286882935341284,7.993987349521445,3.968110855874533,0.0894923652384445,2.7553683666028093,10.53444661007915,1.434383221853079,0.0353489771436538,15.079945844672965,8.795284909716798,0.2690177360785564,1.3179366579779568
WT,A,45,0.0176515917440884,12.64792905132639,2.650546992138015,0.1141915451747812,2.32979640908845,14.763897094716722,1.1661748336711244,0.0155609463771256,17.991174252481933,0.1509211094119564,0.5487937429911357,0.8394785910022761
WT,A,46,1.4378492142613857,10.94748599612782,5.460230602553263,0.0614406972736853,2.199679424656937,14.603507468278783,0.4530544004915781,0.0270896247860445,4.918600169166515,12.293610781934849,0.0684743729313496,1.5464786789456897
WT,A,47,1.271377792947528,6.232212251514209,5.814492158060617,0.0616391709678586,2.2580101182130194,10.353968257376744,1.3478480093343568,0.0150890739736666,7.344623362193803,10.870280129701364,0.1200652985236978,1.3879989434141402
WT,A,48,0.955791944339264,8.558365654446927,5.322723160433586,0.087387628120353,2.0551114333201843,14.305611992134711,0.5226155010830354,0.0303566926365107,15.589611162806747,8.172021124100707,0.2574666460512436,1.4030884748679584
WT,A,49,0.0514813955966265,10.224162070421889,4.457920804339343,0.1340975182187002,1.605080487395599,9.253589612149174,0.8494688107098259,0.0340562827878295,17.996610068058978,0.4401659323511571,0.530376632752816,0.86650650473827
WT,A,50,1.2544096326105367,7.902358203261707,5.830195364647201,0.0686865002436998,2.016484614250461,9.89255870093214,1.1350543707094514,0.0398782818082904,7.897572238462309,10.725202358820091,0.1207397293450898,1.4629323759185235
WT,A,51,1.4037614695336909,8.691398662079644,5.597792345845644,0.1384036000999517,0.8145996630265278,13.325554476870366,0.4609283594289061,0.0297634442273966,5.42375118946954,12.002160564513058,0.0702375994380269,1.629902980584025
WT,A,52,0.3097476990233223,9.82231970836625,3.424141203675927,0.078011703473693,1.3683973938905374,10.904836822775636,1.234011198672234,0.0314123391809346,20.701307006788817,2.6483428266494053,0.4202777959798228,1.1976474331220104
WT,A,53,1.3062666648170982,6.650764176673052,3.601595905531892,0.0749418299194915,2.428399531966116,10.114664832126522,0.7640203168516695,0.0205303318497806,10.450796317117629,11.16857998418619,0.1715748999706111,1.3956453607640444
WT,A,54,0.6512371110325591,12.442885442875813,3.6591726134169207,0.1040236858313028,0.945105703043086,15.470659272204426,0.6683392966973263,0.0180432888706719,23.309783179587743,5.5680772993283805,0.3396523847283017,1.556130172996865
WT,A,55,1.0956242126079283,10.521137829615231,4.394693311345547,0.1307210844460427,1.1130881718731107,13.384730955448491,0.6941157731171701,0.0167445290654086,14.799049713017418,9.367587017797788,0.2062993376373329,1.591123746899961
WT,A,56,0.4874098622886678,10.868605771529804,5.554732644102344,0.1055165079051069,2.733225546953884,11.380161614081072,1.2828319715525636,0.0326693178041077,19.45550676132752,4.167354322568109,0.416182293082635,1.1448688776792046
WT,A,57,1.1299479181849916,7.4770239492474815,3.560664661131629,0.0997372902470846,2.9615806191443603,10.889535794888785,0.9472756180587693,0.0393946432888953,13.56599442406766,9.661054700481678,0.2419445942230261,1.3146122229087132
WT,A,58,0.3471678628329907,11.95080715968803,5.699976612478848,0.0761901266906884,2.11143694293118,10.209662747017491,1.120545964648299,0.0218821634291482,19.905740837475804,2.9682852272220703,0.4305078669681401,1.1360251512963646
WT,A,59,1.4415510445158382,8.211165061698969,3.9213845641462814,0.1102822249037055,0.9001778984819715,12.504344417457812,1.4532529258674307,0.0188274938156998,7.852845382655899,12.325261430610418,0.105648610633194,1.6019232729787751
WT,A,60,1.0438146685826657,10.581317065400068,4.797212019109638,0.0922784251387276,2.986715663001304,13.162078342907556,0.6471114760164307,0.0239109953103541,13.840193409663064,8.924615416381792,0.2373296749664196,1.3591746029835878
WT,A,61,0.2275588945280532,10.731181472876315,5.279413381380495,0.0798826757369152,1.870907656799196,11.529032104002743,0.74504694774244,0.0176252857877962,19.137240029021164,1.945628548214856,0.4586751755112434,1.041025599287991
WT,A,62,0.733876801775652,10.9982301819219,2.7943074088300044,0.1330391549208951,2.94996693196374,14.82066286971103,1.381411081381265,0.0343355197249536,19.482174553355392,6.274646655181824,0.3729417601748413,1.2522565140644792
WT,A,63,0.833715917095506,6.833351149487591,4.0476169984343935,0.0844722562007065,2.4624726314970267,13.104259796912114,0.5892921727557852,0.0222384251675252,17.886091269043686,7.128271091166576,0.3404265835271772,1.2572863251286035
WT,A,64,0.9052030470680226,8.89860559524231,2.975590718694315,0.1123175520541982,1.8946852892180648,11.617504917409915,1.3762663989162855,0.0192513150574561,19.29299077892096,7.739486052431593,0.3170323201624329,1.4126623697285356
WT,A,65,0.1438637323722212,13.869400944809213,2.5810964318961034,0.065019860040604,1.9656351756718449,11.09452967151085,0.9843080138283736,0.037685319140372,18.536030392224585,1.2300349117824916,0.4832312991123603,0.9675611519831372
WT,A,66,0.9303420580654456,9.5493113959861,3.796262094199708,0.0863092460497375,2.591223992533818,14.342340954622564,1.2039458058512205,0.0385911389855229,17.306694837411,7.954424596459559,0.3029295673351149,1.342397761837998
WT,A,67,0.4793783881986216,12.826199645153004,4.08964400154549,0.0689500749455516,2.4833208271414824,12.830832608986874,1.3259392050152434,0.0174623002769004,20.27463770051832,4.098685219098216,0.4116619488586772,1.1972151781235034
WT,A,68,1.0872345515541435,7.230357126378154,3.741594643628156,0.1296678492729886,1.0202743373147067,12.952276960110844,0.5339288116259931,0.0250071911066583,15.830485706705094,9.295855415787926,0.228697406972822,1.55094643182392
WT,A,69,0.2517410284087542,12.214859467636476,5.622895750387148,0.1106735415508365,1.3235126282388283,10.44619659107905,0.871054183850876,0.0266561372331301,20.51794482028156,2.1523857928948487,0.4226464774088145,1.1834873936839276
WT,A,70,0.6612409499988365,8.583750117965703,5.075036027659274,0.0837741113181132,2.8134450614750124,13.03197867497012,1.0203835728582162,0.0257391027144044,18.79061426139614,5.653610122490052,0.3848307911422641,1.1857938819571447
WT,A,71,1.2372998749625723,9.115908634137227,3.499802016515117,0.097445945284781,1.2049751514679323,10.99309487809313,1.0158942730309652,0.0363070380308735,13.158005944673551,10.578913930929993,0.1849946646167257,1.5754732934779745
WT,A,72,1.0123606049153178,7.833307841563054,4.624570076338863,0.1295989946960534,1.0660695831879667,15.78650427662371,0.8855093238356968,0.0349490175100448,16.182891681181978,8.655683172025967,0.2356590302137155,1.541678187253542
WT,A,73,0.5240673968246247,12.278472834264006,5.147678196877042,0.0882370896456089,2.2935724412768588,11.753989954992846,1.3641889380826302,0.0333004992222385,20.37140924832116,4.480776242850541,0.3944359677227572,1.2438637231783594
WT,A,74,0.4585759207856412,7.706268896400375,5.882835156978237,0.105926353560905,2.4146901592808927,13.632406485087447,1.3399360245792138,0.0311130202023624,19.217410703312584,3.920824122717232,0.4285262850477278,1.1053151874227385
WT,A,75,0.8771023410158543,7.6428347831864,2.8260674953138416,0.1177094570224237,1.739016795160603,9.187466584261587,0.8223220999436678,0.0323856144334508,19.64211422747048,7.499225015685555,0.3271759732274562,1.3974852121919286
WT,A,76,1.1140046349463784,11.50788483910189,5.047560127769508,0.1348598975436984,0.9792862314400994,11.859220529291552,0.6406259261895949,0.0136120285029618,13.368524922147024,9.524739628791536,0.1816954257116155,1.6178047244465648
WT,A,77,1.3249735349601384,9.412206987244808,5.949220053425989,0.0815980640298103,1.943154091849903,13.482817761795792,0.5537315521041124,0.0164385181591553,6.316802142108032,11.328523723909182,0.090748659059968,1.5248274882840207
WT,A,78,1.4778100860370729,8.384351346235766,4.965099636831296,0.1205607048080965,2.4979257187600803,11.271474288189587,0.420601448546516,0.0119566752681947,4.7745357052636095,12.635276235616972,0.0694715882945002,1.4920389885092358
WT,A,79,0.8165836719045758,6.522617782085259,3.046910436832937,0.0636761702723306,1.486389923843789,15.012474138278112,0.5561153074693865,0.0304642979208564,20.30719932239357,6.981790394784124,0.3418128099744814,1.389218149863923
WT,A,80,0.735324181198205,12.77063341034141,4.122623006705759,0.1363138952743374,0.8408976229322698,9.5424733033246,0.8534287771332983,0.0130418870962537,22.51788582943395,6.287021749244653,0.3163744244431077,1.5968134187584055
WT,A,81,0.1023943788629153,6.983052449134597,5.212945873561237,0.0711322390082284,1.2820768203711226,10.749426540154834,1.419216812670046,0.0280565422909036,18.27823858787705,0.8754719392779264,0.5013408335839306,0.9247870740228104
WT,A,82,1.3634424115775965,11.418791452984824,3.470784699096878,0.0827975332769042,1.3326672429655126,15.337198966811808,0.6011799193980201,0.034703242323419,10.528346368648664,11.657432618988448,0.1428900294912108,1.609373820352963
WT,A,83,0.1671037363349791,11.856192367450058,4.70102410103533,0.0729074935306504,2.130335619539846,15.13619970031608,0.9690819764385864,0.0289290430447914,18.50885537613708,1.4287369456640715,0.4839479068928736,0.964929751136118
WT,A,84,1.2833105421530857,9.97558385030548,5.682237001905332,0.0946923027705593,1.4101368879003822,10.771173619679654,1.143230627158906,0.0381841959387188,7.796986938617025,10.97230513540888,0.1079149255400311,1.573380924093175
WT,A,85,0.6166286361170317,11.348857525466071,4.477627152381409,0.1168537333350782,1.0613240461438376,10.18632749197662,1.2420599964533945,0.0317214982184487,22.729096648098885,5.27217483880062,0.3451117112898962,1.5070911740124242
WT,A,86,0.3400836013955972,8.410568226984124,3.11320962901592,0.067361583230151,1.1383391592908207,14.415643484198956,1.4101140161732268,0.014442690880752,21.398262424350804,2.907714791932356,0.4106714596347371,1.254443614547455
WT,A,87,0.2892185067575851,6.609150379243354,4.172995464376735,0.1368141350247999,2.395374428710688,14.021695749888064,0.8038158604891694,0.0279923251369326,18.52537003775659,2.472818232777353,0.4736626036109149,0.9828917203282098
WT,A,88,0.5348913395203785,6.7276076598583945,3.246005774211047,0.1251626239332001,1.5863177610314343,12.878219814288336,0.9502923554149704,0.0328242205840008,20.70095742574951,4.573320952899236,0.3984762351106126,1.2482830034049628
WT,A,89,0.9709049192143032,8.058057250261715,3.089308382682077,0.1397076322119614,1.9160849914863616,15.829327325104408,0.6535440505086062,0.0185955008403804,17.990946940483475,8.301237059282291,0.2947233971249982,1.4133149385116983
WT,A,90,0.7165297123787648,9.84675945750588,4.547294957628109,0.1226746339699031,2.3132251228605742,10.310384777451508,1.0776171429770165,0.0294614227260223,19.41072199004016,6.126329040838439,0.3545498320143811,1.300609498484122
WT,A,91,0.1816161141893384,13.35487518581605,5.409054985351734,0.0915363054172042,2.000538544010114,11.345625390622594,0.790348112831845,0.02759027033019,18.800237256555413,1.5528177763188438,0.4698473140962687,1.003939537140422
WT,A,92,0.8087401776770642,9.290992634403024,4.357522070147553,0.1191673674182756,2.848301532129705,12.073496042883663,0.908862031208773,0.0170287078364072,17.971887397848594,6.914728519138899,0.3403817015987733,1.2615845000080452
WT,A,93,0.2134532098634232,13.116710419672728,3.649469762386381,0.0606015704972599,1.655887412399317,13.439351069154949,1.3176052169604628,0.0356293229072913,19.544487808382,1.8250249443322688,0.4475075634650616,1.0829424698010108
WT,A,94,0.1955611883426427,9.264070734086808,2.8519448770917406,0.1260326853095559,2.227042595865063,15.415295025870034,0.4963370135060615,0.0247107696658022,18.44094042740485,1.6720481603295954,0.4839467311603661,0.9613239012671748
WT,A,95,0.9983227870408722,8.287494560357308,2.614821400264678,0.1018276327000894,2.533558143588004,13.713965370331003,1.1020927263312372,0.0335603802253867,17.699518905222497,8.535659829199457,0.3096450710114389,1.3423349191259766
WT,A,96,0.5455638342579365,8.862609928370365,3.841694551417554,0.0855175974390184,0.8681969744975361,13.85857096677617,0.9341734537467906,0.023798062899036,23.30350612476468,4.664570782905358,0.3626541102292012,1.4802662849642287
WT,A,97,0.987446846146986,10.303609187118647,4.746054805581705,0.1033880776935045,2.168496742075792,12.46080350757635,0.4042390642894281,0.0264876122577915,15.663100264990897,8.44267053455673,0.2508762006218649,1.4369787312468911
WT,A,98,1.1671237720809644,13.515682165025389,3.280986267943069,0.1082602741844133,1.2343592080323684,15.16880649128186,0.7329776643764463,0.0157121197686526,15.491185291906955,9.978908251292246,0.2119380646769117,1.6157542491629835
WT,A,99,0.1247570833923407,12.020270668307134,5.500994239835379,0.0647272518515383,2.604509082080803,9.35642065753413,1.0437411031784618,0.0360117391010888,18.115325617874586,1.0666730630045134,0.5110613244224284,0.9016175700463206
WT,A,100,0.5473740768213495,13.108190081477176,4.1436925860871945,0.1371420718736468,1.111159222253597,12.176785149830458,0.6974645016049725,0.0388885503346204,23.04353387567238,4.680048356822539,0.3545083013133385,1.4926067376375884
WT,A,101,0.6912483857019865,10.272727115165358,3.952285383530902,0.0776819114502638,2.6121979826809127,9.73360360075644,0.5443988622934524,0.0232357125237116,19.608699436212625,5.910173697751985,0.3739426747435363,1.258242469378749
WT,A,102,0.5528035231801521,9.376295526367226,3.3926657253037624,0.083730233380676,2.66447564088796,12.85046782923198,0.9451083452816712,0.0302987233299116,19.692974202806823,4.726470123190301,0.4131416278652019,1.1637309564152378
WT,A,103,0.6527990135251281,9.644551184878784,5.353110618157432,0.0686788518917715,2.928929015617737,14.822210175246228,0.590781468788099,0.0161964701156194,18.87678717934441,5.581431565639845,0.3847709561768691,1.1913837492380672
WT,A,104,0.6549726870758443,13.167072536429105,4.065317316667216,0.0809382717786771,2.3069068110926363,11.42468612167451,0.6356792674359295,0.0282297065745462,20.602665750992607,5.600016474498469,0.3673091600304365,1.3292051555268605
WT,A,105,0.5137634597978933,8.128039800160058,3.023877241905183,0.1293052822614501,1.6072746596493706,10.650139715932486,0.8167467882344377,0.0129442083348567,21.047789312934743,4.392677581271987,0.3969695855531077,1.2701728022324497
WT,A,106,0.6152830536776376,13.817676726162311,4.293721835206552,0.1323125849928289,2.1547090997791933,13.714213802030349,0.8406415215704004,0.0122801437845703,20.87776881276228,5.260670108943802,0.367966947928726,1.34106363474228
WT,A,107,0.5076509298807708,8.593470419791375,3.900247573998053,0.114793468814648,2.3190955200554333,12.810083867050231,0.5232276239364037,0.0370362234745267,19.74919216567807,4.34041545048059,0.4136964920992257,1.1647034202301534
WT,A,108,0.665005361796118,7.614300797858737,5.143661130532806,0.0701101288527147,0.904561898520558,12.273819300727425,0.7492115104906849,0.0336827738173588,22.070482928842075,5.68579584335681,0.3408390976847113,1.4867430752584332
WT,A,109,0.5110729308658257,13.034581437044604,2.6647722506782827,0.0801764596097084,1.629796149740283,13.461895637118191,1.112227488919154,0.032917940782681,22.07169823593173,4.36967355890281,0.3834072538330155,1.3588197183067818
WT,A,110,0.6073975859109974,6.131855438013264,2.5151061176268885,0.0786656480833331,2.986009657899314,10.297033090075686,1.1332515608664506,0.0195949983044429,18.949157934589625,5.193249359539028,0.4311834513562224,1.0861809354673375
WT,A,111,0.6113891525561863,13.690501854321806,4.713930965032932,0.0852455314470969,1.8611834012024588,13.942198597084367,1.023393536779703,0.0356232167074735,21.34661906261624,5.2273772543553925,0.3618439503071423,1.383985675462
WT,A,112,0.5504389469141623,11.85629465533088,4.793444818081406,0.0725943586514968,2.251520114578688,9.623069499616642,1.391742754128325,0.0130683257685565,20.52571137373188,4.706252996116088,0.3919653789999356,1.25856962799456
WT,A,113,0.503853869471834,6.832510578206454,4.836041424388478,0.073825490678429,1.4676320847549666,10.471758847648552,0.7844824489840359,0.0346013320646271,20.84435531618121,4.30795058398418,0.3986285079018432,1.2561165966448444
WT,A,114,0.5164493473660381,13.88836489517093,4.7558247777880975,0.1051444465816866,2.398530920353103,9.33149986491983,0.6278367464692733,0.0375941811245915,20.441040785134778,4.415641919979626,0.3940594747515677,1.2481303003398396
WT,A,115,0.6933163485780163,6.479007008267436,5.053868198980348,0.1169969151012245,1.7958584350592175,10.877676130007169,0.47747938530851,0.0262889597985438,19.376574667975568,5.92785478034204,0.358890737723373,1.2863350978996495
WT,A,116,0.6867247101206511,12.659156282598858,3.045954932101952,0.1042526217028745,1.936100798348317,10.744893470239388,0.454806679548997,0.0276983063640081,21.332559003393385,5.871496271531566,0.3579914913900048,1.394351111825949
WT,A,117,0.6985630026388469,12.13675350646836,5.318061835737575,0.1178922113950832,1.064370266890524,14.4851660938143,0.9219207444077918,0.0154076294769184,21.900754284501705,5.97271367256214,0.3218993809907334,1.5438080410828503
WT,A,118,0.5839864519875947,7.354378616916227,3.133050031775129,0.087573407139602,1.4176315416216243,11.899866692593193,1.3195142315432613,0.0175975648131463,21.51438223873468,4.993084164493935,0.3841593880481271,1.327627924718343
WT,A,119,0.6573590617064718,9.070808562644515,5.879179646101292,0.0656328110442219,2.1823155811160344,11.703470312874405,0.7336390067094387,0.0108012445351637,19.57071596906266,5.620419977590334,0.3677895183217804,1.2734449638156415
WT,A,120,0.548566718599552,9.496532074364731,5.233255801407408,0.0866853926863006,1.9869368498740776,10.992385463414916,1.2481851812087046,0.0290637133579002,20.39381325616511,4.69024544402617,0.390454769289067,1.254894142138987
WT,A,121,0.5714543780449919,12.332701087532058,4.077404491589461,0.0734230911090603,2.219758435075831,14.456474163934535,0.8200672906420381,0.0202466253929568,20.769466122538415,4.88593493228468,0.3871391367397802,1.2834507015460697
WT,A,122,0.5675053020876405,7.713524926433537,4.453465975558761,0.1258466053092786,2.476672102145756,9.648220024781596,0.8791754294895887,0.0359283365209961,19.30276618573456,4.852170332849326,0.4063632705399324,1.158778693653967
WT,A,123,0.6667257370133649,9.943639787586898,4.560275817420011,0.0958729044390304,0.942217882708508,11.101319717223811,1.1444796384325664,0.0326151980749202,22.52741825209705,5.700505051464269,0.3362759727498962,1.52630031066255
WT,A,124,0.6858663293283253,8.910169116748481,3.6023893578183035,0.1234576652412002,1.814600225407703,11.286458860167448,0.5185048612099716,0.0184129086147719,20.6183665360942,5.864157115757181,0.3619911702928159,1.344045088084088
WT,A,125,0.5799389702620883,12.422948245394837,5.764151253553461,0.0941799472882849,2.8463919239300037,11.585596390497129,1.240715369726856,0.0317555061123379,19.497091053430804,4.958478195740855,0.390184314693658,1.2096596063373477
WT,A,126,0.6405308449928473,9.58239662492232,2.9284747028507425,0.1270662133416675,2.095850549581253,9.839123677467894,1.299418725093454,0.0100086765390962,20.635747455408943,5.476538724688844,0.3816062400755293,1.2898110975734978
WT,A,127,0.5214613774360947,8.845095176501308,4.625206109210743,0.1334223455425253,0.8282360092409188,13.762383569798896,1.372308273455061,0.034335957843101,23.15832554045973,4.458494777078609,0.359707822172728,1.4811277391050246
WT,A,128,0.6824038008108585,10.70378158844321,4.460307745539131,0.1167730309268403,0.8591049864690654,12.080744609203595,1.0068698976507466,0.0257130985182735,22.676636539811238,5.83455249693284,0.3291420560769197,1.5587695542413522
WT,A,129,0.6204368384330223,6.269506815301081,2.557029730112286,0.0669709970300925,2.951755581438742,11.476373594108516,0.5807747400189118,0.0163673624431107,19.011236572732532,5.304734968602341,0.4265379681800593,1.099811976235704
WT,A,130,0.5155452898717333,8.026487460361665,4.40569115122924,0.119908116705936,1.8925703281353103,14.217671352681275,0.4752511937327368,0.0267467063362043,20.25160173208693,4.40791222840332,0.4017023796692113,1.2186171758484683
WT,A,131,0.5898904315250936,12.745992200293404,5.612404009944413,0.1281591859073728,1.1592341267277972,13.08607201636714,0.6780135525672359,0.0220760852951757,22.507047848212896,5.04356318953955,0.3452279327718341,1.4956927092782213
WT,A,132,0.6769919415087995,6.739536010895106,5.08140052388088,0.0751982736326637,1.0047722839850852,11.802394166240196,1.3573878227384346,0.0147965573786655,21.5624994895778,5.788281099900235,0.3458546197382194,1.443516594404941
WT,A,133,0.5726280625915933,7.176441968495276,5.173257273653197,0.1015069413864471,1.1978217620652551,10.027082201269511,1.155552290508672,0.0351600742720846,21.529811965807497,4.8959699351581225,0.3702396810609526,1.366933407205115
WT,A,134,0.5425646137966426,7.910831420476269,5.81283326197479,0.1185112760117194,1.0581364291109074,10.218957327645496,1.2248343561275798,0.0272088103670225,22.05084994396505,4.638927447961294,0.3656933894860177,1.40705166926951
WT,A,135,0.5269075848500719,6.654429956079127,4.569315283052127,0.0819981401116764,2.050499208941222,10.58682542752757,1.48869588112699,0.024395465270101,19.74260973926825,4.505059850468115,0.4139944191890702,1.1639331074737602
WT,A,136,0.5252805613266446,13.362947654436866,5.722235901783563,0.1221244974009988,2.294165684620204,12.293178265250305,0.9161582275478876,0.0339099855567504,20.373112374632854,4.491148799342811,0.3875296721350194,1.2613405318526338
WT,A,137,0.6238379791398302,8.964612728590371,5.536531274038312,0.1253577837686792,1.645224865952864,13.595569062712212,1.0492320994018265,0.0217028616960199,20.605248464303003,5.333814721645548,0.3614820177928513,1.344786416465285
WT,A,138,0.6454950381779507,6.003422999901152,5.566358093045629,0.0968499160663904,1.3032088047046368,9.398514045827447,1.0943192043926528,0.022547024209925,20.53567750432943,5.518982576421479,0.3621535771004329,1.3385102729751597
WT,A,139,0.5777591211737885,12.839137127896194,3.8066684708519656,0.0796513151081739,2.5792510436229548,15.850878684937378,0.4958156156021192,0.010546948332998,20.367107235012234,4.939840486035892,0.3937370684698275,1.2459845662527915
WT,A,140,0.6515176705837932,13.581430029860496,5.954204087685852,0.0923317809422299,2.8223653298537776,11.231688997074368,0.9055101749285625,0.0300624925721918,19.33269837375607,5.570476083491432,0.3652197342509146,1.267412296480058
WT,A,141,0.5288607847483532,7.387327985864824,4.035831272250705,0.0856393954464018,2.646159150926744,15.942169578354626,1.2724953982806244,0.032181312217423,19.20358816295484,4.52175970959842,0.4250776222403165,1.1121262098998208
WT,A,142,0.6719069060427587,13.23231053094102,5.622005843554392,0.091536375001943,1.735201143924307,14.063086888359106,0.5015105431951901,0.0208757409595981,20.915878483933938,5.744804046665587,0.3402528140617963,1.4286327479425835
WT,A,143,0.5352140509656408,10.951411590041246,4.512313570277879,0.0990288935234379,1.274467021934969,12.492078467499503,0.7130557162893568,0.011850769565674,22.38879442612887,4.576080135756229,0.3693643330619975,1.4147777607109473
WT,A,144,0.6249064060598161,8.47337031976652,3.51869725857454,0.1078669921893456,0.922274508262399,14.993133479814116,0.9821314866455628,0.0139989616843793,22.942584867984472,5.342949771811428,0.3538188148635892,1.489332715346174
WT,A,145,0.545357195318696,12.246798317120064,4.890326808720937,0.1367889278006578,2.5243172203646043,15.377503265960986,1.1906617901619778,0.0152536940365577,20.00882857781935,4.662804019974851,0.3939917146581867,1.2259206519399792
WT,A,146,0.6295069005187476,10.500205323118216,4.679532096209654,0.0650465694349791,2.119154844301128,10.080313681321522,0.9554019737401812,0.027058970696211,20.40654709877232,5.382283999435292,0.374645065345024,1.2983680104636364
WT,A,147,0.5751426908521351,8.2387515057894,4.164294681277638,0.130429147946626,1.373138952597897,13.178778915212796,1.4375183010600607,0.0367318517204772,21.468386384379716,4.917470006785756,0.3722964011160871,1.3576027528496528
WT,A,148,0.6309666992427865,11.343693702887478,4.978807842997172,0.1213414796210581,2.588414431680181,15.542481973102271,0.6041597420523819,0.0249818534010031,19.61760313514093,5.394765278525824,0.3765092586988033,1.2509581594823789
WT,A,149,0.6978277675743154,11.752688269776414,5.897292787981199,0.1228868735111007,2.7576531104905437,12.626895621965817,0.5373894167499508,0.022654667222859,18.740002372663604,5.966427412760397,0.3521642707306708,1.2713745707150736
WT,A,150,0.5690158176102057,6.544289125617748,2.8609987560518704,0.1273190501801303,2.494701719016528,13.862532901764158,1.3540544644143908,0.0384223499257329,19.285876601587773,4.865085240567258,0.4190499056963033,1.1283782714128956
WT,A,151,0.6010761012607664,8.673421363190194,5.478495679259014,0.0965234897183386,1.552295352150422,15.279271649136614,1.284585118648878,0.0396992886256223,20.880538199460144,5.139200665779552,0.3667466031799897,1.3441073126346037
WT,A,152,0.6758732837587198,7.80204098079699,4.847838585753188,0.1124421349037539,1.8501980340379007,13.323286648624771,1.3313494450654244,0.0174677884554388,19.92433138978273,5.778716576137054,0.3629361836686913,1.3043225601881696
WT,A,153,0.5059222977457458,11.97625997992435,3.249330501739069,0.1243562796756271,2.8303715100129443,10.777346147612516,0.7967927496944495,0.0294952955930377,19.75322167140058,4.325635645726127,0.4148981102835882,1.1624066081799
WT,A,154,0.5973036172157451,7.576147390821704,5.65889394679798,0.0602507674955734,1.0904781327526138,9.927937844504058,1.3798644514597156,0.0197627731747287,21.906373380999657,5.106945927194621,0.3609307822999792,1.4151571491579589
WT,A,155,0.5908564227101353,7.964864698313314,5.855163203710163,0.0948984069757514,1.6726254798238984,12.73389759964957,1.4523764227561493,0.0392414856278345,20.408412728134564,5.051822414171657,0.37440556684783,1.297805647566462
WT,A,156,0.5842894252499102,12.00059754427392,3.986933139078304,0.0706704592463336,2.787150106776116,12.390624210194703,1.0718941934211057,0.0288838009241704,19.921257194227465,4.995674585886732,0.398187162117389,1.2117495667493567
WT,A,157,0.586198990489579,9.837523097281492,2.8254072634765213,0.1312804714405835,1.749491451418767,15.159859763035588,0.996872845546602,0.024038173001849,21.29381259584496,5.0120013686859,0.3810352142846702,1.3247476700279313
WT,A,158,0.6386087694987008,8.347636264643365,5.70279504381779,0.1382558758371999,2.0663583773001517,15.70060491428648,0.7730703988438192,0.02299022329889,19.53181143786058,5.460104979213892,0.3688528024764204,1.2663618806595724
WT,A,159,0.6320199254845581,10.80425280047547,2.755794363799798,0.1352529873705385,2.029946702890303,14.378962649348026,0.991199592692793,0.0284040726933494,20.96472732546137,5.403770362892971,0.3764038430228885,1.3206191231176696
WT,A,160,0.6896962755401795,12.93105382004136,2.80802513818859,0.106320941882931,2.470736887508705,9.21728083874237,1.2113297894409638,0.0366405118305457,20.598669283912,5.896903155868536,0.3698726889122474,1.320565700748265
WT,A,161,0.5364474112286097,13.324234789270855,4.1812507732317945,0.1082109762571029,1.3211465744807245,10.468048116451032,1.2265768494187608,0.0333171151288649,22.62098573493481,4.586625366004613,0.3638490414028322,1.4428610844539216
WT,A,162,0.5563188497791923,8.528534784023467,5.006610249742568,0.0757968008272968,1.178212467895842,9.009714435596134,0.9350719201501088,0.0259107063845305,22.08857086861986,4.756526165612095,0.369546152771561,1.3985923650835463
WT,A,163,0.5409840280749371,10.223080984159775,4.215744368577312,0.0773077382425809,2.43990875308376,15.449404073759112,0.8679048993037238,0.0144513280335049,20.038868640392725,4.625413440040711,0.4056821589036808,1.1993454159326582
WT,A,164,0.6132784672952352,8.72812538955663,2.584611080377298,0.0824476684193902,1.1397524141673707,11.065815403961778,0.4340963205051171,0.0311586370982074,22.684178347330395,5.243530895374261,0.3653272898631392,1.441107451338723
WT,A,165,0.5980806815378139,9.192822444516512,3.113165777747095,0.1139156914521482,2.897011276470145,15.896603374256635,1.4199088038651873,0.0352346044328203,19.39479079177102,5.11358982714831,0.4081334262273642,1.159607299715306
WT,A,166,0.5322547865150955,10.459458407756898,2.958992441813783,0.0716999282281704,1.4389826042704674,14.677589591942226,1.2019323302064513,0.0109735318439717,22.18534532299912,4.550778424704067,0.3826007936734022,1.3668219832088375
WT,A,167,0.6179196230971642,13.939329549244304,4.942808099029941,0.0694641850197299,1.907798360636085,9.471175551588956,1.2602375788916187,0.0277805806204953,21.281443524554938,5.283212777480754,0.3613949042039012,1.382489051139829
WT,A,168,0.6732200926462982,6.366154807641478,3.7055696561028406,0.1065592144686294,1.0230401919005572,11.768472327102751,1.4616015965377178,0.0116966772046107,21.88926973171974,5.7560317921258495,0.3562924728386493,1.4266166112651923
WT,A,169,0.6038659049048353,12.63303514469678,3.85728253013794,0.1023292248516059,1.21850093148535,15.743678673418358,1.0374388965588313,0.0237865109219274,22.814650084040167,5.163053486936342,0.3528293937125263,1.487169929938601
WT,A,170,0.5584217645584918,6.194219871357622,3.069809488604903,0.1130899222892752,1.7014312330211534,13.540758932983174,0.5668537498784516,0.0398125544163576,20.368143540866708,4.774506086975105,0.4015769031753931,1.2238626645433324
WT,A,171,0.5616006580769565,6.935729706517668,3.671723977249109,0.1350065454792263,0.8879351417646907,9.89414455202236,0.7590563505070567,0.0250875289207521,22.662668294344307,4.801685626557978,0.3663726107890797,1.4348667168098863
WT,A,172,0.5182926464238944,11.018850277642091,3.729991677891269,0.1296840472298058,0.8031666105629595,12.00479801300906,1.312314511238923,0.0166281450162581,23.80609520638596,4.431402126924297,0.3565908853566474,1.5244132829197057
WT,A,173,0.6952417747270666,13.66611173579606,4.658292098975725,0.0619166159823635,2.372995674763409,12.653291929635737,0.6465833146092516,0.0180038211079936,20.248224690994665,5.944317173916419,0.3552326935283283,1.3465694391845
WT,A,174,0.6816085935841707,11.798787942884855,3.4854050472832947,0.1094780957921581,2.267978534243784,9.20388677404345,0.7299735339530555,0.0362639401765033,20.46735266692096,5.827753475144659,0.3653162973428928,1.3265747934731842
WT,A,175,0.6423360408866087,11.650226847641411,5.4249056927662505,0.063618942564595,2.7649091952902163,12.04005876373831,1.477159270919734,0.0187473717990394,19.44297506366337,5.491973149580504,0.3779878997796154,1.23918318786508
WT,A,176,0.5621823991437963,8.283926663073032,5.112868928037596,0.1206112457715562,2.5468624075729807,10.908372376356729,0.6588870164856662,0.0295139759138222,19.253680032590925,4.806659512679458,0.4046939250388833,1.160608033968359
WT,A,177,0.6612929580797403,13.476504887085946,5.979716335556544,0.1096153709284479,2.422645802826117,13.350411257767009,0.5551764657575766,0.0211626746278983,19.736453480853434,5.65405479158178,0.3538669104698571,1.3218683866745238
WT,A,178,0.6489580860098805,11.056214078424505,2.703956657010988,0.1336990295902122,1.3694575057549727,13.973365252832297,1.490628194216923,0.0114309643890943,22.42107937241232,5.5485916353844775,0.357351353456649,1.4517178661835275
WT,A,179,0.5390760851839366,7.475263001626592,5.299681334428698,0.0880960917757835,2.1337918665583224,13.676440573651234,1.410347147168029,0.0255137777628697,19.70434147390266,4.609100528322657,0.4059648955629303,1.1810103832351349
WT,A,180,0.5093879166929955,10.752521077492268,5.396737873881273,0.1389869561824283,1.2548166665055076,14.9423599930909,1.1738620971156446,0.0308898903080854,22.11636115968084,4.355266687725112,0.3686838838472075,1.4019884415265755
WT,A,181,0.5816942237246682,11.53696823137346,3.765596271771887,0.1110918451973964,1.5730915633344371,15.048585037474076,0.6098368298892454,0.015790984768208,21.862034015457542,4.973485612845913,0.3695296717102359,1.3872742331508752
WT,A,182,0.5232740245055373,11.442549087293518,3.415174039771884,0.0901207913092745,1.7135359059389597,9.132135646921643,0.4087650035452129,0.0245503481358591,21.53933104452468,4.4739929095223445,0.385957965357816,1.325130977489672
WT,A,183,0.5016620227479683,7.240115065338972,3.453413670571244,0.0930081366724189,0.9616119630206807,13.03450820717735,1.159412756014237,0.0149771964863848,22.614884958413796,4.289210294495129,0.3804510201860043,1.3927052132654187
WT,A,184,0.6279474923058161,9.727287639993918,5.452686092676199,0.064338714406934,1.536363514209686,15.626834631843778,1.3362630940572937,0.0377854301222786,21.1266431112287,5.368951059214728,0.358078858742119,1.3835568366609252
WT,A,185,0.5559779016935188,7.113788561590056,2.6286698038897,0.0609778708226609,1.3331872421063264,11.34002684419384,0.6922574839343105,0.0182209985404971,21.787033763212342,4.753611059479586,0.3907833185928425,1.323706753599107
WT,A,186,0.6587853860235822,12.20502909360922,4.352195038164112,0.0894377708431831,1.9543910198446357,14.303852762974197,1.1212341866385944,0.0313198348903624,20.893328860296418,5.632615050501627,0.358521203163666,1.3698561847738333
WT,A,187,0.5944835574672235,6.991000002936549,3.6420155863756873,0.0675830062259685,1.399052707704764,15.17591140317521,1.4312150142607378,0.0386654888901914,21.33709925844227,5.0828344163447605,0.3813297764620248,1.3263327657152444
WT,A,188,0.6697255298337986,6.56017763976513,2.744845393153047,0.0983815458263717,1.5097939796134936,12.96377551852881,0.8917479842362332,0.0304781926350049,21.070688182279756,5.726153280078979,0.3761686314738817,1.3261172618003738
WT,A,189,0.6466607365347055,10.007013504348546,5.222029513045539,0.0907304375164182,1.7835516592823968,12.500423849210271,0.4590657813977694,0.0138919295033149,20.61492643382933,5.528949297371732,0.3590005817450523,1.354114731475616
WT,A,190,0.5936124842442962,9.30008558554224,3.28484727447554,0.1003186825511426,2.1883205056496244,14.76541360624853,0.8306263110035508,0.0216389466130602,20.3735615397661,5.075386740288733,0.3935870811847696,1.2454287495127698
WT,A,191,0.6624033120124173,11.234546286031051,3.8657845986578856,0.1399626730925896,2.874597609643435,10.341924136461271,0.8595110735852968,0.0169338482863932,19.447915799216705,5.663548317706168,0.3804833468580018,1.2309534938966478
WT,A,192,0.6183497846583683,9.213677491110126,4.386484394036692,0.1037869383072719,1.4897229368218214,13.263696170360072,0.4322281171545314,0.0381743195032012,21.317884456390505,5.286890658829049,0.362522885124792,1.3794794247930553
WT,A,193,0.6368677223413666,10.149295981557586,3.575461919419342,0.1113873485154485,2.959216369613382,14.590323105230295,0.6742466974122026,0.0205620722941372,19.3899092154621,5.445219026018685,0.3955582319713376,1.1900454003839671
WT,A,194,0.6787835770467843,10.561922435759502,3.3465581927403254,0.1156512030371464,2.7177102689233195,14.636402415726897,0.9615628102254842,0.0125821485982174,19.73654028982329,5.803599583750006,0.3812613718245474,1.2445401126924702
WT,A,195,0.6041631475040777,10.36723661515233,3.3114577531208926,0.0761429648983097,2.6806672137475074,11.627883614679334,0.7929018323462457,0.0134979312686209,19.961109319490312,5.1655949111598645,0.4008268454407362,1.207169900668357
WT,A,196,0.531917131853186,9.895558497206256,3.179175858422221,0.0842954242046901,2.7025695282409767,15.369820120392903,0.4150409420200893,0.019104736877332,19.73528990105793,4.5478914773447405,0.4163430939777269,1.1590284496921055
WT,A,197,0.6086483512298039,11.14483855617136,4.260589110171404,0.062649521339348,0.976514616669874,14.11039432873071,1.0451652285780817,0.0322305404693415,23.176314674495824,5.203943403014823,0.3489596232502705,1.518597209606494
WT,A,198,0.5642314539818628,12.525177642894246,3.21619300914679,0.0992676564870229,2.346612381563739,10.150511426465007,1.0922156286841482,0.0200265927204713,20.691600700220047,4.824178931544926,0.3927201082822924,1.2643263256489805
WT,A,199,0.6344938684046331,11.421371765671406,2.9114534284171567,0.1025353046207335,2.0008446937786037,9.552545725936564,1.0657500972088323,0.0340407021166284,21.16076370005428,5.424922574859613,0.3743894776705306,1.3370043778094642
WT,B,0,0.8915507608384854,13.709934723472577,3.871937147952451,0.0898224176852806,1.626984298420855,9.339253497524757,0.676517972690827,0.0151987787378793,12.817406722845186,7.6227590051690495,0.1366700646555675,1.6123435987403312
WT,B,1,0.3182187700922929,9.63407056690988,3.406872337949581,0.1317624267725591,0.9286875773279752,10.622564445064226,0.782698117712856,0.0260353139500555,14.664406635199557,2.7207704842891047,0.1819083363212345,1.4484299806131034
WT,B,2,0.8461279296558695,6.052154482046398,3.187969416376462,0.1165070158184554,2.8681043106440613,9.798949755191698,1.3049769536749796,0.0209703802691285,11.776851007889029,7.234393798557685,0.1647012685392826,1.3062088249355406
WT,B,3,0.2828010460990224,8.149399250540187,5.091265694867314,0.101585444758034,1.5227741281055325,9.941490150996088,0.7067333396545701,0.0101385453734349,13.045912710454974,2.4179489441466417,0.1988453747069608,1.2243684543137576
WT,B,4,0.4985090922879801,13.236311750566102,3.690190044194504,0.0756962861677264,1.9796206199013937,9.437168128111624,1.15529798582952,0.012897626022945,14.141530430884076,4.26225273906223,0.1807792038860205,1.4145994070371932
WT,B,5,0.630874541125336,11.13982716503611,3.131808027095504,0.0955820046989021,2.0795803566943096,11.98971716409352,0.6102302928261875,0.0227663197070139,13.951198206243069,5.393977326621624,0.1738226418739991,1.4413496225112794
WT,B,6,0.75422075838033,7.058932989039807,2.6962073812176706,0.1198091460505472,1.4770046225389764,14.939593425458154,1.2671578221341642,0.0211962146640082,13.928306902388051,6.448587484151822,0.1643617102588705,1.4998349356146006
WT,B,7,0.4094039063665002,12.139681142419477,3.99805186338008,0.1007226622975712,1.7868208139193928,15.291220259789888,1.171939920180089,0.0104037192417287,13.930478999968996,3.5004033994335773,0.1859100040288244,1.366500458140456
WT,B,8,1.3899287477209037,13.665325501073912,3.768349348721959,0.0629765567573746,1.7075937966425916,15.95375255020156,1.1966584493414762,0.0161135778362679,6.240885199008197,11.883890793013723,0.059737502213166,1.7063508356022332
WT,B,9,1.0733554822851192,11.76842224638833,5.749729309502307,0.0807705689788395,1.304213460979859,9.667159527600148,1.0880740342141526,0.0214283919304748,8.882563251779542,9.177189373537772,0.0881837978693909,1.6858068646336095
WT,B,10,0.0417584731365962,13.125324708556414,4.217003117905364,0.0718256041365905,2.8999980634665707,11.117388448270596,0.9775084276398832,0.0319498187897241,11.083171428340256,0.3570349453178975,0.2372354751853432,0.906425614535324
WT,B,11,0.3849647031049108,13.007554693100516,2.913033734877459,0.1382934411506095,1.2532753379953332,14.197135755108508,1.4305477920717666,0.0183169341406436,14.769948026132283,3.291448211546988,0.1790290545448628,1.475392764407678
WT,B,12,0.366095802921601,13.771693859535414,5.40247284005603,0.1264912832569469,1.1736622897395883,12.091287784399634,1.001179554083562,0.0374167290134566,14.843030557606026,3.130119114979689,0.1774716543237943,1.491380528650288
WT,B,13,0.7922103057699905,13.985973135236508,5.782023793968653,0.066985930802395,2.787953793730063,12.215801330756529,1.037912462060809,0.038864361691768,12.102048276107668,6.773398114333419,0.1467293397179853,1.467246002131796
WT,B,14,1.2175045937986155,10.664826773913926,5.009434227439252,0.1075520709596219,2.709889505608043,9.76215921800239,0.4879936410014661,0.0200688017231724,6.627307579508448,10.409664276978162,0.071693800214965,1.5679209234928213
WT,B,15,1.4853406810970078,10.331509754637692,4.5243293076529385,0.121242483041929,2.6330047805922265,13.604415109932935,0.8346810534289921,0.023126661862742,3.7220788240318985,12.699662823379416,0.0369449758681819,1.620102059692612
WT,B,16,0.7663507179116347,11.673677637798995,4.636405295484147,0.1221232819275859,1.3895826974893128,10.01623630649014,1.2480471899565695,0.0283772267087036,13.768995313865318,6.552298638144476,0.1474441934261601,1.6150117344770851
WT,B,17,0.9258353902589468,10.093242537818822,2.927062373875167,0.1239758520933644,2.7712161462149782,11.904342554085831,1.277006276288656,0.0195480369645771,12.135746487999858,7.915892586713993,0.1485544111195725,1.4534512287849626
WT,B,18,0.0669281584537708,10.422777606587037,4.324372328775698,0.1159876624651453,1.178759825294959,12.607082196632774,0.4437433048603825,0.0117782514578875,11.572805183887342,0.5722357547797403,0.2237392084582935,0.9955651411337008
WT,B,19,1.457419076685504,8.972289071615364,4.197658584656755,0.1274305825963903,2.3491085740633637,10.577559760950397,0.6235015902639193,0.0125792183587221,4.433580271271088,12.46093310566106,0.0446333320741755,1.618678440153773
WT,B,20,1.417515671626551,9.129239205093228,5.256081584491509,0.1133870027979503,1.6869879839559985,15.540419415928838,0.5810732977442133,0.0225006842976974,3.7996325155508415,12.119758992407007,0.0361741079802506,1.6740966045133183
WT,B,21,0.5572846815406975,10.001691841306917,3.537050414560174,0.1029999868303482,2.5617183846477687,14.469222838302446,0.8776725461729701,0.0298157727970969,13.213747726041728,4.764784027172965,0.1848667087853432,1.312621800389569
WT,B,22,0.430444805626166,7.36443163273314,2.564789588491668,0.0962771942890504,2.5386563649421934,14.048796469700797,0.9175656107001264,0.0384836559673065,12.628389978560344,3.68030308810372,0.2003790217545468,1.1820075438346482
WT,B,23,1.2066923441336104,13.373971317674869,3.3454324547354384,0.0928990958198913,1.753622530418958,9.136657480109198,1.298394908743458,0.0203177454202794,9.451945650165158,10.31721954234237,0.094673224949479,1.676124391378953
WT,B,24,0.1107153183914472,9.684270554610174,4.940711738217731,0.0976327575682285,2.912418751251985,11.483742153171043,1.0638867146457534,0.0123771701201636,11.28045541681184,0.946615972246874,0.2303991672835233,0.9466195902384472
WT,B,25,0.8595226813372181,13.567291505288878,2.7167564521804115,0.0822218745020233,2.1456407306667997,12.706724386743364,1.2226621026209463,0.014673693257425,13.630253851087296,7.348918925433214,0.1527350624383505,1.5626319866471188
WT,B,26,1.1944542388967834,7.174457162143961,4.819476556296124,0.0867917597934535,0.8599540330587192,11.181450381439708,1.4651533208281018,0.0241013856396529,7.706983201520396,10.212583742567498,0.0766179494686472,1.6712919949115883
WT,B,27,0.3954271891583009,6.3514904365465625,5.359846664404845,0.0791884321355959,1.5635780071850391,14.708809158642795,1.4980335386525765,0.013911562599797,13.266829130460629,3.380902467303472,0.19370377716113,1.2682216316847568
WT,B,28,1.1413147487897417,12.345439287756165,4.914307167471455,0.1355719787649549,1.8062487685020625,13.914540207734609,0.7565833259784388,0.0246041256417009,8.294624142634143,9.75824110215229,0.083847661384508,1.6580690320871794
WT,B,29,1.1717700885318076,12.600362098961778,4.586404026209197,0.115182333583259,1.0049773697648596,13.77772292242886,1.47053700250465,0.0233688004041495,8.496101555418793,10.018634256946957,0.0809588421918457,1.7307070678738596
WT,B,30,0.5844284649682426,11.11000039537877,5.161907511024696,0.0987292608017552,2.843580428056589,14.112103820513283,1.0572370285763375,0.0112079597311618,12.942859467670187,4.996863375478474,0.1806833871183645,1.3148613919237304
WT,B,31,0.0136287103606141,12.548090530145776,3.0115708139474635,0.1246349457204479,2.045064272056626,12.228326731751814,0.90381528377227,0.0108230379883667,11.038182136014727,0.1165254735832506,0.2391270821970821,0.8963136387073399
WT,B,32,1.3004956070071612,11.683478004961025,3.201482269305306,0.1320678554178495,2.232772579518426,9.064179388534043,1.4834038319103051,0.0339556436011207,8.041440088757307,11.119237439911227,0.0829367683148473,1.6272633338006468
WT,B,33,0.6939880494218928,7.534519872767722,4.035945099897838,0.0908443693681102,1.837161810552022,12.312507309403763,1.3998233412148997,0.0254489252447317,13.372495408258771,5.933597822557184,0.1682055967755557,1.4276272632791798
WT,B,34,0.1645376456602158,8.738939589688352,5.534835239978522,0.0742416478295885,1.4532480993924537,15.69256904483402,1.105582995656864,0.0395397272321071,12.26084874189302,1.4067968703948457,0.2106969235724755,1.105191580804218
WT,B,35,0.4466812635594869,11.539951006066577,4.711059474624788,0.0943397613337759,1.5298047666017258,13.232550989239249,0.5746697565762486,0.0367016419326503,14.325683265244605,3.819124803433613,0.1796781947616639,1.4354544263582925
WT,B,36,1.060753352837385,9.485698612139425,2.748210235203847,0.0726580664724939,2.659160439434805,9.588031587167167,0.8080570475626907,0.037235994913748,11.247732346760955,9.069441166759642,0.1323157904859735,1.4963217042614292
WT,B,37,0.6817404225321568,12.913300994056256,3.311423663010811,0.0696295765817609,1.6798190384704317,15.897232026394224,0.5006887807426008,0.0307992148200238,14.5229984595154,5.82888061264994,0.1638731718765933,1.557687264174772
WT,B,38,0.2590836234276774,6.403940329594208,4.319300951284397,0.1114981618730454,0.9540881673041336,15.593106726123075,0.4278722401460136,0.0135636290859347,13.57880912416593,2.2151649803066418,0.1941582191843023,1.2908610623858017
WT,B,39,0.5864458644323025,11.229889131076764,4.266049622486047,0.1280389587778511,2.3623647556417464,12.42920227289637,0.7197427032820616,0.0272119181762674,13.44770737207023,5.014112140896186,0.1769805636772646,1.378720162202625
WT,B,40,1.3785390359481575,6.921900235897411,5.99244283319195,0.0656874258328916,1.4378478608024712,11.71728155080927,0.7085808781154013,0.0197695233731892,3.585871557843356,11.78650875735675,0.0349230029963591,1.646650643208625
WT,B,41,0.6068366443475041,6.248133752232297,2.522274291973772,0.0773402445029339,1.824862054350952,15.071913024291206,0.4660057061858227,0.0286811025364597,13.549363012153824,5.188453309171161,0.182665342913745,1.3530160433884886
WT,B,42,1.3380354504719283,7.346676684303085,5.9150344602485525,0.1069706065570493,1.0887920194614074,12.742813150790976,0.5147994832566369,0.0109481764937754,4.222456558710544,11.440203101534989,0.0401139181178571,1.6884000865793298
WT,B,43,0.0795893493622597,6.084156949317208,4.8500795589132775,0.1094189765462013,2.68974064839459,14.540701398548844,1.1895208626942146,0.0366324723710144,11.119490358009614,0.6804889370473213,0.2352266063550386,0.9162321694668816
WT,B,44,1.0286882935341284,7.993987349521445,3.968110855874533,0.0894923652384445,2.7553683666028093,10.53444661007915,1.434383221853079,0.0353489771436538,10.077148773383616,8.795284909716798,0.1240695113279299,1.4387717134647915
WT,B,45,0.0176515917440884,12.64792905132639,2.650546992138015,0.1141915451747812,2.32979640908845,14.763897094716722,1.1661748336711244,0.0155609463771256,11.041362050530877,0.1509211094119564,0.2389573796231693,0.8971432814098916
WT,B,46,1.4378492142613857,10.94748599612782,5.460230602553263,0.0614406972736853,2.199679424656937,14.603507468278783,0.4530544004915781,0.0270896247860445,3.367172639859631,12.293610781934849,0.0321825379033102,1.6627711113099075
WT,B,47,1.271377792947528,6.232212251514209,5.814492158060617,0.0616391709678586,2.2580101182130194,10.353968257376744,1.3478480093343568,0.0150890739736666,4.937176394455015,10.870280129701364,0.0554602051968588,1.5050337533183809
WT,B,48,0.955791944339264,8.558365654446927,5.322723160433586,0.087387628120353,2.0551114333201843,14.305611992134711,0.5226155010830354,0.0303566926365107,10.430606946351157,8.172021124100707,0.1194852630587771,1.5249986433768303
WT,B,49,0.0514813955966265,10.224162070421889,4.457920804339343,0.1340975182187002,1.605080487395599,9.253589612149174,0.8494688107098259,0.0340562827878295,11.2281496311822,0.4401659323511571,0.2322368565393341,0.9357707628177198
WT,B,50,1.2544096326105367,7.902358203261707,5.830195364647201,0.0686865002436998,2.016484614250461,9.89255870093214,1.1350543707094514,0.0398782818082904,5.315667637667765,10.725202358820091,0.056216017797564,1.5782260279378533
WT,B,51,1.4037614695336909,8.691398662079644,5.597792345845644,0.1384036000999517,0.8145996630265278,13.325554476870366,0.4609283594289061,0.0297634442273966,3.7020890178716086,12.002160564513058,0.0333768319144228,1.734984392163025
WT,B,52,0.3097476990233223,9.82231970836625,3.424141203675927,0.078011703473693,1.3683973938905374,10.904836822775636,1.234011198672234,0.0314123391809346,13.73239442885919,2.6483428266494053,0.1912140847822522,1.3202710775437974
WT,B,53,1.3062666648170982,6.650764176673052,3.601595905531892,0.0749418299194915,2.428399531966116,10.114664832126522,0.7640203168516695,0.0205303318497806,7.030444018214054,11.16857998418619,0.0795577689673176,1.517221835809756
WT,B,54,0.6512371110325591,12.442885442875813,3.6591726134169207,0.1040236858313028,0.945105703043086,15.470659272204426,0.6683392966973263,0.0180432888706719,15.390474893531398,5.5680772993283805,0.1587590921588023,1.6665211598755054
WT,B,55,1.0956242126079283,10.521137829615231,4.394693311345547,0.1307210844460427,1.1130881718731107,13.384730955448491,0.6941157731171701,0.0167445290654086,9.855868613866274,9.367587017797788,0.097111844066507,1.698422289272577
WT,B,56,0.4874098622886678,10.868605771529804,5.554732644102344,0.1055165079051069,2.733225546953884,11.380161614081072,1.2828319715525636,0.0326693178041077,12.918762172559031,4.167354322568109,0.1889392889607591,1.2657317969883428
WT,B,57,1.1299479181849916,7.4770239492474815,3.560664661131629,0.0997372902470846,2.9615806191443603,10.889535794888785,0.9472756180587693,0.0393946432888953,9.10312556715873,9.661054700481678,0.111751876106293,1.4370066401738502
WT,B,58,0.3471678628329907,11.95080715968803,5.699976612478848,0.0761901266906884,2.11143694293118,10.209662747017491,1.120545964648299,0.0218821634291482,13.1890446689319,2.9682852272220703,0.1949347061275015,1.256744535748488
WT,B,59,1.4415510445158382,8.211165061698969,3.9213845641462814,0.1102822249037055,0.9001778984819715,12.504344417457812,1.4532529258674307,0.0188274938156998,5.269707281426475,12.325261430610418,0.0497624771974532,1.703028332770321
WT,B,60,1.0438146685826657,10.581317065400068,4.797212019109638,0.0922784251387276,2.986715663001304,13.162078342907556,0.6471114760164307,0.0239109953103541,9.297226765619603,8.924615416381792,0.109862731898675,1.4842665778924018
WT,B,61,0.2275588945280532,10.731181472876315,5.279413381380495,0.0798826757369152,1.870907656799196,11.529032104002743,0.74504694774244,0.0176252857877962,12.557132709961616,1.945628548214856,0.2056930456210298,1.1521361225695388
WT,B,62,0.733876801775652,10.9982301819219,2.7943074088300044,0.1330391549208951,2.94996693196374,14.82066286971103,1.381411081381265,0.0343355197249536,13.017231384443347,6.274646655181824,0.1713110681754377,1.3764171736177346
WT,B,63,0.833715917095506,6.833351149487591,4.0476169984343935,0.0844722562007065,2.4624726314970267,13.104259796912114,0.5892921727557852,0.0222384251675252,11.924275169987766,7.128271091166576,0.1560324518698392,1.3806803112258574
WT,B,64,0.9052030470680226,8.89860559524231,2.975590718694315,0.1123175520541982,1.8946852892180648,11.617504917409915,1.3762663989162855,0.0192513150574561,12.83103292539896,7.739486052431593,0.147114680249747,1.530354580691628
WT,B,65,0.1438637323722212,13.869400944809213,2.5810964318961034,0.065019860040604,1.9656351756718449,11.09452967151085,0.9843080138283736,0.037685319140372,12.002263178420352,1.2300349117824916,0.214864803720726,1.0664762310908225
WT,B,66,0.9303420580654456,9.5493113959861,3.796262094199708,0.0863092460497375,2.591223992533818,14.342340954622564,1.2039458058512205,0.0385911389855229,11.556333153622695,7.954424596459559,0.1399283568163633,1.464454694189056
WT,B,67,0.4793783881986216,12.826199645153004,4.08964400154549,0.0689500749455516,2.4833208271414824,12.830832608986874,1.3259392050152434,0.0174623002769004,13.47720499948055,4.098685219098216,0.1874377383294649,1.3211957912167862
WT,B,68,1.0872345515541435,7.230357126378154,3.741594643628156,0.1296678492729886,1.0202743373147067,12.952276960110844,0.5339288116259931,0.0250071911066583,10.545217043544456,9.295855415787926,0.1074680332709501,1.660036954799134
WT,B,69,0.2517410284087542,12.214859467636476,5.622895750387148,0.1106735415508365,1.3235126282388283,10.44619659107905,0.871054183850876,0.0266561372331301,13.622717533286922,2.1523857928948487,0.1921421564805936,1.3067383210886567
WT,B,70,0.6612409499988365,8.583750117965703,5.075036027659274,0.0837741113181132,2.8134450614750124,13.03197867497012,1.0203835728582162,0.0257391027144044,12.49062622383342,5.653610122490052,0.1752760779422472,1.307401331936166
WT,B,71,1.2372998749625723,9.115908634137227,3.499802016515117,0.097445945284781,1.2049751514679323,10.99309487809313,1.0158942730309652,0.0363070380308735,8.764799303653433,10.578913930929993,0.086940434153694,1.6815517223214638
WT,B,72,1.0123606049153178,7.833307841563054,4.624570076338863,0.1295989946960534,1.0660695831879667,15.78650427662371,0.8855093238356968,0.0349490175100448,10.74699059643734,8.655683172025967,0.110504920954922,1.6489821995196086
WT,B,73,0.5240673968246247,12.278472834264006,5.147678196877042,0.0882370896456089,2.2935724412768588,11.753989954992846,1.3641889380826302,0.0333004992222385,13.56702673708402,4.480776242850541,0.1804656138204958,1.3685782404141216
WT,B,74,0.4585759207856412,7.706268896400375,5.882835156978237,0.105926353560905,2.4146901592808927,13.632406485087447,1.3399360245792138,0.0311130202023624,12.704074370959573,3.920824122717232,0.1937393250416448,1.2218818559760452
WT,B,75,0.8771023410158543,7.6428347831864,2.8260674953138416,0.1177094570224237,1.739016795160603,9.187466584261587,0.8223220999436678,0.0323856144334508,13.059594760458008,7.499225015685555,0.1517314580719922,1.514802367260322
WT,B,76,1.1140046349463784,11.50788483910189,5.047560127769508,0.1348598975436984,0.9792862314400994,11.859220529291552,0.6406259261895949,0.0136120285029618,8.915741757864811,9.524739628791536,0.0857239671420517,1.7234516775996471
WT,B,77,1.3249735349601384,9.412206987244808,5.949220053425989,0.0815980640298103,1.943154091849903,13.482817761795792,0.5537315521041124,0.0164385181591553,4.2889664104375465,11.328523723909182,0.0425220712543316,1.641521516450059
WT,B,78,1.4778100860370729,8.384351346235766,4.965099636831296,0.1205607048080965,2.4979257187600803,11.271474288189587,0.420601448546516,0.0119566752681947,3.298920314627011,12.635276235616972,0.0326937317198924,1.6152065679163727
WT,B,79,0.8165836719045758,6.522617782085259,3.046910436832937,0.0636761702723306,1.486389923843789,15.012474138278112,0.5561153074693865,0.0304642979208564,13.4627412090627,6.981790394784124,0.157940623832211,1.507387919314906
WT,B,80,0.735324181198205,12.77063341034141,4.122623006705759,0.1363138952743374,0.8408976229322698,9.5424733033246,0.8534287771332983,0.0130418870962537,14.869969232311568,6.287021749244653,0.148507706606309,1.70346119426215
WT,B,81,0.1023943788629153,6.983052449134597,5.212945873561237,0.0711322390082284,1.2820768203711226,10.749426540154834,1.419216812670046,0.0280565422909036,11.680744560868296,0.8754719392779264,0.221555621603619,1.0127336469726078
WT,B,82,1.3634424115775965,11.418791452984824,3.470784699096878,0.0827975332769042,1.3326672429655126,15.337198966811808,0.6011799193980201,0.034703242323419,7.065550283150827,11.657432618988448,0.0674300978305025,1.716939454426769
WT,B,83,0.1671037363349791,11.856192367450058,4.70102410103533,0.0729074935306504,2.130335619539846,15.13619970031608,0.9690819764385864,0.0289290430447914,11.97584963526055,1.4287369456640715,0.2151288936104773,1.0630954229173404
WT,B,84,1.2833105421530857,9.97558385030548,5.682237001905332,0.0946923027705593,1.4101368879003822,10.771173619679654,1.143230627158906,0.0381841959387188,5.245045739273195,10.97230513540888,0.0507284129909878,1.6808540726925365
WT,B,85,0.6166286361170317,11.348857525466071,4.477627152381409,0.1168537333350782,1.0613240461438376,10.18632749197662,1.2420599964533945,0.0317214982184487,15.04338765105102,5.27217483880062,0.1609218620432406,1.6207026698103832
WT,B,86,0.3400836013955972,8.410568226984124,3.11320962901592,0.067361583230151,1.1383391592908207,14.415643484198956,1.4101140161732268,0.014442690880752,14.179145969490277,2.907714791932356,0.1875185902362907,1.376708399220638
WT,B,87,0.2892185067575851,6.609150379243354,4.172995464376735,0.1368141350247999,2.395374428710688,14.021695749888064,0.8038158604891694,0.0279923251369326,12.03827817755199,2.472818232777353,0.2113130940643694,1.0834651939249946
WT,B,88,0.5348913395203785,6.7276076598583945,3.246005774211047,0.1251626239332001,1.5863177610314343,12.878219814288336,0.9502923554149704,0.0328242205840008,13.73763873619755,4.573320952899236,0.1823912163819412,1.3685528513959089
WT,B,89,0.9709049192143032,8.058057250261715,3.089308382682077,0.1397076322119614,1.9160849914863616,15.829327325104408,0.6535440505086062,0.0185955008403804,12.012013408800506,8.301237059282291,0.1370917342506242,1.5323485198615534
WT,B,90,0.7165297123787648,9.84675945750588,4.547294957628109,0.1226746339699031,2.3132251228605742,10.310384777451508,1.0776171429770165,0.0294614227260223,12.947396906166327,6.126329040838439,0.1632523276667559,1.4236320377717304
WT,B,91,0.1816161141893384,13.35487518581605,5.409054985351734,0.0915363054172042,2.000538544010114,11.345625390622594,0.790348112831845,0.02759027033019,12.270634043889071,1.5528177763188438,0.2098911235630883,1.1098080650350597
WT,B,92,0.8087401776770642,9.290992634403024,4.357522070147553,0.1191673674182756,2.848301532129705,12.073496042883663,0.908862031208773,0.0170287078364072,11.997067544069882,6.914728519138899,0.1562734248434219,1.3848813745205792
WT,B,93,0.2134532098634232,13.116710419672728,3.649469762386381,0.0606015704972599,1.655887412399317,13.439351069154949,1.3176052169604628,0.0356293229072913,12.892157171716883,1.8250249443322688,0.2015240475061117,1.1995336858881662
WT,B,94,0.1955611883426427,9.264070734086808,2.8519448770917406,0.1260326853095559,2.227042595865063,15.415295025870034,0.4963370135060615,0.0247107696658022,11.924361080573409,1.6720481603295954,0.2151643689645218,1.0583264201744678
WT,B,95,0.9983227870408722,8.287494560357308,2.614821400264678,0.1018276327000894,2.533558143588004,13.713965370331003,1.1020927263312372,0.0335603802253867,11.81277517969087,8.535659829199457,0.1431388383994969,1.4630744875701724
WT,B,96,0.5455638342579365,8.862609928370365,3.841694551417554,0.0855175974390184,0.8681969744975361,13.85857096677617,0.9341734537467906,0.023798062899036,15.372339644825344,4.664570782905358,0.1683980160016503,1.5933474672277512
WT,B,97,0.987446846146986,10.303609187118647,4.746054805581705,0.1033880776935045,2.168496742075792,12.46080350757635,0.4042390642894281,0.0264876122577915,10.511854838926975,8.44267053455673,0.1169890189994464,1.559255966763181
WT,B,98,1.1671237720809644,13.515682165025389,3.280986267943069,0.1082602741844133,1.2343592080323684,15.16880649128186,0.7329776643764463,0.0157121197686526,10.308343480437758,9.978908251292246,0.099862290543593,1.7225824728593166
WT,B,99,0.1247570833923407,12.020270668307134,5.500994239835379,0.0647272518515383,2.604509082080803,9.35642065753413,1.0437411031784618,0.0360117391010888,11.488592177382712,1.0666730630045134,0.2251472102386018,0.9832249150946746
WT,B,100,0.5473740768213495,13.108190081477176,4.1436925860871945,0.1371420718736468,1.111159222253597,12.176785149830458,0.6974645016049725,0.0388885503346204,15.281851477902144,4.680048356822539,0.1652597354853453,1.6086493902384411
WT,B,101,0.6912483857019865,10.272727115165358,3.952285383530902,0.0776819114502638,2.6121979826809127,9.73360360075644,0.5443988622934524,0.0232357125237116,13.065391451687818,5.910173697751985,0.1712974432663999,1.3828833038164805
WT,B,102,0.5528035231801521,9.376295526367226,3.3926657253037624,0.083730233380676,2.66447564088796,12.85046782923198,0.9451083452816712,0.0302987233299116,13.073401120825787,4.726470123190301,0.1877679887378754,1.284876065839308
WT,B,103,0.6527990135251281,9.644551184878784,5.353110618157432,0.0686788518917715,2.928929015617737,14.822210175246228,0.590781468788099,0.0161964701156194,12.552795778552108,5.581431565639845,0.1751906960629717,1.3144581912862068
WT,B,104,0.6549726870758443,13.167072536429105,4.065317316667216,0.0809382717786771,2.3069068110926363,11.42468612167451,0.6356792674359295,0.0282297065745462,13.727867633926426,5.600016474498469,0.1691685800346128,1.453723166108247
WT,B,105,0.5137634597978933,8.128039800160058,3.023877241905183,0.1293052822614501,1.6072746596493706,10.650139715932486,0.8167467882344377,0.0129442083348567,13.980051540536666,4.392677581271987,0.1819423258521123,1.3920015443172378
WT,B,106,0.6152830536776376,13.817676726162311,4.293721835206552,0.1323125849928289,2.1547090997791933,13.714213802030349,0.8406415215704004,0.0122801437845703,13.92439201690481,5.260670108943802,0.1698084823955446,1.465467848118437
WT,B,107,0.5076509298807708,8.593470419791375,3.900247573998053,0.114793468814648,2.3190955200554333,12.810083867050231,0.5232276239364037,0.0370362234745267,13.116623704760276,4.34041545048059,0.1881683988699121,1.2856203746239028
WT,B,108,0.665005361796118,7.614300797858737,5.143661130532806,0.0701101288527147,0.904561898520558,12.273819300727425,0.7492115104906849,0.0336827738173588,14.544013232195516,5.68579584335681,0.1583321063062129,1.597456363313685
WT,B,109,0.5110729308658257,13.034581437044604,2.6647722506782827,0.0801764596097084,1.629796149740283,13.461895637118191,1.112227488919154,0.032917940782681,14.675159047689046,4.36967355890281,0.1768001720771137,1.482234878605594
WT,B,110,0.6073975859109974,6.131855438013264,2.5151061176268885,0.0786656480833331,2.986009657899314,10.297033090075686,1.1332515608664506,0.0195949983044429,12.488283510567117,5.193249359539028,0.194492589862201,1.19985231410696
WT,B,111,0.6113891525561863,13.690501854321806,4.713930965032932,0.0852455314470969,1.8611834012024588,13.942198597084367,1.023393536779703,0.0356232167074735,14.20774517622194,5.2273772543553925,0.1673078654521554,1.506824133384779
WT,B,112,0.5504389469141623,11.85629465533088,4.793444818081406,0.0725943586514968,2.251520114578688,9.623069499616642,1.391742754128325,0.0130683257685565,13.654187902531667,4.706252996116088,0.1793402348268365,1.383161941883981
WT,B,113,0.503853869471834,6.832510578206454,4.836041424388478,0.073825490678429,1.4676320847549666,10.471758847648552,0.7844824489840359,0.0346013320646271,13.810152753321448,4.30795058398418,0.182241843687842,1.3765098898647412
WT,B,114,0.5164493473660381,13.88836489517093,4.7558247777880975,0.1051444465816866,2.398530920353103,9.33149986491983,0.6278367464692733,0.0375941811245915,13.62921100372353,4.415641919979626,0.1804869200503669,1.3734334654519258
WT,B,115,0.6933163485780163,6.479007008267436,5.053868198980348,0.1169969151012245,1.7958584350592175,10.877676130007169,0.47747938530851,0.0262889597985438,12.90542881571329,5.92785478034204,0.1649358725867598,1.4087786835599403
WT,B,116,0.6867247101206511,12.659156282598858,3.045954932101952,0.1042526217028745,1.936100798348317,10.744893470239388,0.454806679548997,0.0276983063640081,14.214808215043336,5.871496271531566,0.1658413196329844,1.5171571222104685
WT,B,117,0.6985630026388469,12.13675350646836,5.318061835737575,0.1178922113950832,1.064370266890524,14.4851660938143,0.9219207444077918,0.0154076294769184,14.487157711339725,5.97271367256214,0.1504661842832199,1.655106043510087
WT,B,118,0.5839864519875947,7.354378616916227,3.133050031775129,0.087573407139602,1.4176315416216243,11.899866692593193,1.3195142315432613,0.0175975648131463,14.2519056713874,4.993084164493935,0.1765977244841226,1.44723186766368
WT,B,119,0.6573590617064718,9.070808562644515,5.879179646101292,0.0656328110442219,2.1823155811160344,11.703470312874405,0.7336390067094387,0.0108012445351637,13.005013982824272,5.620419977590334,0.1684005845733041,1.3964026301908734
WT,B,120,0.548566718599552,9.496532074364731,5.233255801407408,0.0866853926863006,1.9869368498740776,10.992385463414916,1.2481851812087046,0.0290637133579002,13.56042358816185,4.69024544402617,0.1787115495700675,1.3780885581918043
WT,B,121,0.5714543780449919,12.332701087532058,4.077404491589461,0.0734230911090603,2.219758435075831,14.456474163934535,0.8200672906420381,0.0202466253929568,13.823776760814674,4.88593493228468,0.1775323633471359,1.4082400607748258
WT,B,122,0.5675053020876405,7.713524926433537,4.453465975558761,0.1258466053092786,2.476672102145756,9.648220024781596,0.8791754294895887,0.0359283365209961,12.81797835754225,4.852170332849326,0.1848643445420356,1.2784604603039855
WT,B,123,0.6667257370133649,9.943639787586898,4.560275817420011,0.0958729044390304,0.942217882708508,11.101319717223811,1.1444796384325664,0.0326151980749202,14.87398453321303,5.700505051464269,0.1568736564469071,1.6369432088391171
WT,B,124,0.6858663293283253,8.910169116748481,3.6023893578183035,0.1234576652412002,1.814600225407703,11.286458860167448,0.5185048612099716,0.0184129086147719,13.727078741541034,5.864157115757181,0.1670495042990032,1.466240294777091
WT,B,125,0.5799389702620883,12.422948245394837,5.764151253553461,0.0941799472882849,2.8463919239300037,11.585596390497129,1.240715369726856,0.0317555061123379,12.991201780047748,4.958478195740855,0.1781546873361036,1.3338909063235374
WT,B,126,0.6405308449928473,9.58239662492232,2.9284747028507425,0.1270662133416675,2.095850549581253,9.839123677467894,1.299418725093454,0.0100086765390962,13.73674044383588,5.476538724688844,0.1753517128417003,1.4126938215055482
WT,B,127,0.5214613774360947,8.845095176501308,4.625206109210743,0.1334223455425253,0.8282360092409188,13.762383569798896,1.372308273455061,0.034335957843101,15.30134418882282,4.458494777078609,0.1673210939068556,1.594124794088681
WT,B,128,0.6824038008108585,10.70378158844321,4.460307745539131,0.1167730309268403,0.8591049864690654,12.080744609203595,1.0068698976507466,0.0257130985182735,14.969051894239607,5.83455249693284,0.1539798109289281,1.6673581487804403
WT,B,129,0.6204368384330223,6.269506815301081,2.557029730112286,0.0669709970300925,2.951755581438742,11.476373594108516,0.5807747400189118,0.0163673624431107,12.554722170098572,5.304734968602341,0.1925828003021259,1.2161041489622872
WT,B,130,0.5155452898717333,8.026487460361665,4.40569115122924,0.119908116705936,1.8925703281353103,14.217671352681275,0.4752511937327368,0.0267467063362043,13.462103818156107,4.40791222840332,0.183456075200633,1.3409364491583349
WT,B,131,0.5898904315250936,12.745992200293404,5.612404009944413,0.1281591859073728,1.1592341267277972,13.08607201636714,0.6780135525672359,0.0220760852951757,14.918235634501183,5.04356318953955,0.160878159338392,1.6113114957283274
WT,B,132,0.6769919415087995,6.739536010895106,5.08140052388088,0.0751982736326637,1.0047722839850852,11.802394166240196,1.3573878227384346,0.0147965573786655,14.210869653291931,5.788281099900235,0.1601082716128984,1.5557076506063316
WT,B,133,0.5726280625915933,7.176441968495276,5.173257273653197,0.1015069413864471,1.1978217620652551,10.027082201269511,1.155552290508672,0.0351600742720846,14.256366194926583,4.8959699351581225,0.1707954288328691,1.48459836070716
WT,B,134,0.5425646137966426,7.910831420476269,5.81283326197479,0.1185112760117194,1.0581364291109074,10.218957327645496,1.2248343561275798,0.0272088103670225,14.595419148808343,4.638927447961294,0.1691873485576767,1.523745400562636
WT,B,135,0.5269075848500719,6.654429956079127,4.569315283052127,0.0819981401116764,2.050499208941222,10.58682542752757,1.48869588112699,0.024395465270101,13.069387958350566,4.505059850468115,0.1879647915643465,1.2828787133262958
WT,B,136,0.5252805613266446,13.362947654436866,5.722235901783563,0.1221244974009988,2.294165684620204,12.293178265250305,0.9161582275478876,0.0339099855567504,13.590132194992762,4.491148799342811,0.1777500460065751,1.3865853919823197
WT,B,137,0.6238379791398302,8.964612728590371,5.536531274038312,0.1253577837686792,1.645224865952864,13.595569062712212,1.0492320994018265,0.0217028616960199,13.7022141306653,5.333814721645548,0.1667486159553495,1.4658737646488282
WT,B,138,0.6454950381779507,6.003422999901152,5.566358093045629,0.0968499160663904,1.3032088047046368,9.398514045827447,1.0943192043926528,0.022547024209925,13.583462781698168,5.518982576421479,0.1666432652417262,1.455121561897884
WT,B,139,0.5777591211737885,12.839137127896194,3.8066684708519656,0.0796513151081739,2.5792510436229548,15.850878684937378,0.4958156156021192,0.010546948332998,13.562571943702066,4.939840486035892,0.180061782471868,1.3713282290157285
WT,B,140,0.6515176705837932,13.581430029860496,5.954204087685852,0.0923317809422299,2.8223653298537776,11.231688997074368,0.9055101749285625,0.0300624925721918,12.90365539432672,5.570476083491432,0.1675650779967063,1.392872428725516
WT,B,141,0.5288607847483532,7.387327985864824,4.035831272250705,0.0856393954464018,2.646159150926744,15.942169578354626,1.2724953982806244,0.032181312217423,12.697724017010785,4.52175970959842,0.1922762725049622,1.2289940546274465
WT,B,142,0.6719069060427587,13.23231053094102,5.622005843554392,0.091536375001943,1.735201143924307,14.063086888359106,0.5015105431951901,0.0208757409595981,13.90963580039318,5.744804046665587,0.1577926611159177,1.5495855382150452
WT,B,143,0.5352140509656408,10.951411590041246,4.512313570277879,0.0990288935234379,1.274467021934969,12.492078467499503,0.7130557162893568,0.011850769565674,14.84332754443415,4.576080135756229,0.1709051610828887,1.5343658092769237
WT,B,144,0.6249064060598161,8.47337031976652,3.51869725857454,0.1078669921893456,0.922274508262399,14.993133479814116,0.9821314866455628,0.0139989616843793,15.13731653802641,5.342949771811428,0.1645282210342111,1.6011697337350792
WT,B,145,0.545357195318696,12.246798317120064,4.890326808720937,0.1367889278006578,2.5243172203646043,15.377503265960986,1.1906617901619778,0.0152536940365577,13.339319181974515,4.662804019974851,0.1802256447379144,1.350383701223489
WT,B,146,0.6295069005187476,10.500205323118216,4.679532096209654,0.0650465694349791,2.119154844301128,10.080313681321522,0.9554019737401812,0.027058970696211,13.571914524145992,5.382283999435292,0.1719771207447832,1.421910035470274
WT,B,147,0.5751426908521351,8.2387515057894,4.164294681277638,0.130429147946626,1.373138952597897,13.178778915212796,1.4375183010600607,0.0367318517204772,14.25690523927753,4.917470006785756,0.1718953402910053,1.477281424004787
WT,B,148,0.6309666992427865,11.343693702887478,4.978807842997172,0.1213414796210581,2.588414431680181,15.542481973102271,0.6041597420523819,0.0249818534010031,13.088561080359352,5.394765278525824,0.1726269802292094,1.3755336894335377
WT,B,149,0.6978277675743154,11.752688269776414,5.897292787981199,0.1228868735111007,2.7576531104905437,12.626895621965817,0.5373894167499508,0.022654667222859,12.52625374686933,5.966427412760397,0.1618127060868221,1.3968660852705457
WT,B,150,0.5690158176102057,6.544289125617748,2.8609987560518704,0.1273190501801303,2.494701719016528,13.862532901764158,1.3540544644143908,0.0384223499257329,12.775783606549384,4.865085240567258,0.1901339234925688,1.245462221590203
WT,B,151,0.6010761012607664,8.673421363190194,5.478495679259014,0.0965234897183386,1.552295352150422,15.279271649136614,1.284585118648878,0.0396992886256223,13.871495841933587,5.139200665779552,0.1690572640812486,1.4649046705580369
WT,B,152,0.6758732837587198,7.80204098079699,4.847838585753188,0.1124421349037539,1.8501980340379007,13.323286648624771,1.3313494450654244,0.0174677884554388,13.24407653392094,5.778716576137054,0.1668656714063176,1.425345449169566
WT,B,153,0.5059222977457458,11.97625997992435,3.249330501739069,0.1243562796756271,2.8303715100129443,10.777346147612516,0.7967927496944495,0.0294952955930377,13.139018872317658,4.325635645726127,0.188772709801431,1.2845696324901663
WT,B,154,0.5973036172157451,7.576147390821704,5.65889394679798,0.0602507674955734,1.0904781327526138,9.927937844504058,1.3798644514597156,0.0197627731747287,14.46258779256406,5.106945927194621,0.1667278578072327,1.5308209566264517
WT,B,155,0.5908564227101353,7.964864698313314,5.855163203710163,0.0948984069757514,1.6726254798238984,12.73389759964957,1.4523764227561493,0.0392414856278345,13.559488212804238,5.051822414171657,0.171984915090646,1.419135278241591
WT,B,156,0.5842894252499102,12.00059754427392,3.986933139078304,0.0706704592463336,2.787150106776116,12.390624210194703,1.0718941934211057,0.0288838009241704,13.257909516681911,4.995674585886732,0.1816711766783606,1.3358474469010464
WT,B,157,0.586198990489579,9.837523097281492,2.8254072634765213,0.1312804714405835,1.749491451418767,15.159859763035588,0.996872845546602,0.024038173001849,14.170930728616966,5.0120013686859,0.1755636807385892,1.447185435243174
WT,B,158,0.6386087694987008,8.347636264643365,5.70279504381779,0.1382558758371999,2.0663583773001517,15.70060491428648,0.7730703988438192,0.02299022329889,13.010093429055228,5.460104979213892,0.1693188276234177,1.3886226139034112
WT,B,159,0.6320199254845581,10.80425280047547,2.755794363799798,0.1352529873705385,2.029946702890303,14.378962649348026,0.991199592692793,0.0284040726933494,13.974963809584898,5.403770362892971,0.1735405778063069,1.4438841986919198
WT,B,160,0.6896962755401795,12.93105382004136,2.80802513818859,0.106320941882931,2.470736887508705,9.21728083874237,1.2113297894409638,0.0366405118305457,13.744064403586284,5.896903155868536,0.1705207375034559,1.444900876069305
WT,B,161,0.5364474112286097,13.324234789270855,4.1812507732317945,0.1082109762571029,1.3211465744807245,10.468048116451032,1.2265768494187608,0.0333171151288649,15.017541462894188,4.586625366004613,0.1688861520895933,1.5623702159809658
WT,B,162,0.5563188497791923,8.528534784023467,5.006610249742568,0.0757968008272968,1.178212467895842,9.009714435596134,0.9350719201501088,0.0259107063845305,14.616801735224856,4.756526165612095,0.1706788397248278,1.516569582421313
WT,B,163,0.5409840280749371,10.223080984159775,4.215744368577312,0.0773077382425809,2.43990875308376,15.449404073759112,0.8679048993037238,0.0144513280335049,13.313444521245918,4.625413440040711,0.1847790693680258,1.3222996884496343
WT,B,164,0.6132784672952352,8.72812538955663,2.584611080377298,0.0824476684193902,1.1397524141673707,11.065815403961778,0.4340963205051171,0.0311586370982074,15.017584822368304,5.243530895374261,0.1693871032917254,1.5581965740905228
WT,B,165,0.5980806815378139,9.192822444516512,3.113165777747095,0.1139156914521482,2.897011276470145,15.896603374256635,1.4199088038651873,0.0352346044328203,12.89266836929943,5.11358982714831,0.1857122257642376,1.2804353943912437
WT,B,166,0.5322547865150955,10.459458407756898,2.958992441813783,0.0716999282281704,1.4389826042704674,14.677589591942226,1.2019323302064513,0.0109735318439717,14.712301705593704,4.550778424704067,0.1763029599401,1.488332067758903
WT,B,167,0.6179196230971642,13.939329549244304,4.942808099029941,0.0694641850197299,1.907798360636085,9.471175551588956,1.2602375788916187,0.0277805806204953,14.1547046262911,5.283212777480754,0.1669446573339645,1.5054419390352958
WT,B,168,0.6732200926462982,6.366154807641478,3.7055696561028406,0.1065592144686294,1.0230401919005572,11.768472327102751,1.4616015965377178,0.0116966772046107,14.438090247851058,5.7560317921258495,0.1649246935493651,1.539117877610743
WT,B,169,0.6038659049048353,12.63303514469678,3.85728253013794,0.1023292248516059,1.21850093148535,15.743678673418358,1.0374388965588313,0.0237865109219274,15.113452597530555,5.163053486936342,0.1642083680013566,1.6033362406116258
WT,B,170,0.5584217645584918,6.194219871357622,3.069809488604903,0.1130899222892752,1.7014312330211534,13.540758932983174,0.5668537498784516,0.0398125544163576,13.514423396154958,4.774506086975105,0.183460623062708,1.3439786338681274
WT,B,171,0.5616006580769565,6.935729706517668,3.671723977249109,0.1350065454792263,0.8879351417646907,9.89414455202236,0.7590563505070567,0.0250875289207521,14.963954185109731,4.801685626557978,0.1698352833031836,1.5480101332025562
WT,B,172,0.5182926464238944,11.018850277642091,3.729991677891269,0.1296840472298058,0.8031666105629595,12.00479801300906,1.312314511238923,0.0166281450162581,15.717876065815696,4.431402126924297,0.1662799215621614,1.636332054458298
WT,B,173,0.6952417747270666,13.66611173579606,4.658292098975725,0.0619166159823635,2.372995674763409,12.653291929635737,0.6465833146092516,0.0180038211079936,13.482322847143712,5.944317173916419,0.1636531145395541,1.4709633355442109
WT,B,174,0.6816085935841707,11.798787942884855,3.4854050472832947,0.1094780957921581,2.267978534243784,9.20388677404345,0.7299735339530555,0.0362639401765033,13.64904334235498,5.827753475144659,0.1684711926323224,1.4502100858981004
WT,B,175,0.6423360408866087,11.650226847641411,5.4249056927662505,0.063618942564595,2.7649091952902163,12.04005876373831,1.477159270919734,0.0187473717990394,12.94349928234342,5.491973149580504,0.1727489623233642,1.3637043607669068
WT,B,176,0.5621823991437963,8.283926663073032,5.112868928037596,0.1206112457715562,2.5468624075729807,10.908372376356729,0.6588870164856662,0.0295139759138222,12.78831124470254,4.806659512679458,0.1840625855020132,1.2809760984553011
WT,B,177,0.6612929580797403,13.476504887085946,5.979716335556544,0.1096153709284479,2.422645802826117,13.350411257767009,0.5551764657575766,0.0211626746278983,13.174464723351653,5.65405479158178,0.1630513701590153,1.4470275476457803
WT,B,178,0.6489580860098805,11.056214078424505,2.703956657010988,0.1336990295902122,1.3694575057549727,13.973365252832297,1.490628194216923,0.0114309643890943,14.875714280860269,5.5485916353844775,0.1660844457244097,1.569154640800969
WT,B,179,0.5390760851839366,7.475263001626592,5.299681334428698,0.0880960917757835,2.1337918665583224,13.676440573651234,1.410347147168029,0.0255137777628697,13.06783754879415,4.609100528322657,0.1846699129586879,1.3014447938122988
WT,B,180,0.5093879166929955,10.752521077492268,5.396737873881273,0.1389869561824283,1.2548166665055076,14.9423599930909,1.1738620971156446,0.0308898903080854,14.691591487570786,4.355266687725112,0.1707262509824871,1.522106905823286
WT,B,181,0.5816942237246682,11.53696823137346,3.765596271771887,0.1110918451973964,1.5730915633344371,15.048585037474076,0.6098368298892454,0.015790984768208,14.528297981191391,4.973485612845913,0.1708472957319728,1.5087025157047478
WT,B,182,0.5232740245055373,11.442549087293518,3.415174039771884,0.0901207913092745,1.7135359059389597,9.132135646921643,0.4087650035452129,0.0245503481358591,14.32963020447098,4.4739929095223445,0.1775627066064501,1.449292276208951
WT,B,183,0.5016620227479683,7.240115065338972,3.453413670571244,0.0930081366724189,0.9616119630206807,13.03450820717735,1.159412756014237,0.0149771964863848,14.935867849803648,4.289210294495129,0.1755485810469719,1.5091518075805008
WT,B,184,0.6279474923058161,9.727287639993918,5.452686092676199,0.064338714406934,1.536363514209686,15.626834631843778,1.3362630940572937,0.0377854301222786,14.019291072835866,5.368951059214728,0.1653550314926821,1.5037912998082663
WT,B,185,0.5559779016935188,7.113788561590056,2.6286698038897,0.0609778708226609,1.3331872421063264,11.34002684419384,0.6922574839343105,0.0182209985404971,14.412106704503262,4.753611059479586,0.1793918056724049,1.4430644429631811
WT,B,186,0.6587853860235822,12.20502909360922,4.352195038164112,0.0894377708431831,1.9543910198446357,14.303852762974197,1.1212341866385944,0.0313198348903624,13.908228719145148,5.632615050501627,0.1656403885750129,1.4925175877780588
WT,B,187,0.5944835574672235,6.991000002936549,3.6420155863756873,0.0675830062259685,1.399052707704764,15.17591140317521,1.4312150142607378,0.0386654888901914,14.13012517029415,5.0828344163447605,0.1752765135082015,1.4454640835359147
WT,B,188,0.6697255298337986,6.56017763976513,2.744845393153047,0.0983815458263717,1.5097939796134936,12.96377551852881,0.8917479842362332,0.0304781926350049,13.96308175195265,5.726153280078979,0.173107535448454,1.4444606733150376
WT,B,189,0.6466607365347055,10.007013504348546,5.222029513045539,0.0907304375164182,1.7835516592823968,12.500423849210271,0.4590657813977694,0.0138919295033149,13.715095926452138,5.528949297371732,0.1655524213529569,1.4770652219203355
WT,B,190,0.5936124842442962,9.30008558554224,3.28484727447554,0.1003186825511426,2.1883205056496244,14.76541360624853,0.8306263110035508,0.0216389466130602,13.551583673866,5.075386740288733,0.180111798253295,1.368459600784214
WT,B,191,0.6624033120124173,11.234546286031051,3.8657845986578856,0.1399626730925896,2.874597609643435,10.341924136461271,0.8595110735852968,0.0169338482863932,12.97846334329557,5.663548317706168,0.174301995380901,1.354981247357683
WT,B,192,0.6183497846583683,9.213677491110126,4.386484394036692,0.1037869383072719,1.4897229368218214,13.263696170360072,0.4322281171545314,0.0381743195032012,14.176562036516309,5.286890658829049,0.1676432359270413,1.5007230195502146
WT,B,193,0.6368677223413666,10.149295981557586,3.575461919419342,0.1113873485154485,2.959216369613382,14.590323105230295,0.6742466974122026,0.0205620722941372,12.90857736817432,5.445219026018685,0.1803942511657033,1.3127985032327292
WT,B,194,0.6787835770467843,10.561922435759502,3.3465581927403254,0.1156512030371464,2.7177102689233195,14.636402415726897,0.9615628102254842,0.0125821485982174,13.15478248029878,5.803599583750006,0.174648059296431,1.3684489473097423
WT,B,195,0.6041631475040777,10.36723661515233,3.3114577531208926,0.0761429648983097,2.6806672137475074,11.627883614679334,0.7929018323462457,0.0134979312686209,13.268750542903442,5.1655949111598645,0.1827283637141446,1.3303714562287383
WT,B,196,0.531917131853186,9.895558497206256,3.179175858422221,0.0842954242046901,2.7025695282409767,15.369820120392903,0.4150409420200893,0.019104736877332,13.111684034272397,4.5478914773447405,0.1891066939244202,1.2815064147475472
WT,B,197,0.6086483512298039,11.14483855617136,4.260589110171404,0.062649521339348,0.976514616669874,14.11039432873071,1.0451652285780817,0.0322305404693415,15.296377805312416,5.203943403014823,0.162489131063642,1.6311471477938566
WT,B,198,0.5642314539818628,12.525177642894246,3.21619300914679,0.0992676564870229,2.346612381563739,10.150511426465007,1.0922156286841482,0.0200265927204713,13.783530393004156,4.824178931544926,0.1799945136042225,1.3891829935688838
WT,B,199,0.6344938684046331,11.421371765671406,2.9114534284171567,0.1025353046207335,2.0008446937786037,9.552545725936564,1.0657500972088323,0.0340407021166284,14.091240892084528,5.424922574859613,0.1726421003185319,1.4601440232933791
